-- Generation time: Fri, 25 Dec 2020 09:23:48 +0000
-- Host: mysql.hostinger.ro
-- DB name: u574849695_23
/*!40030 SET NAMES UTF8 */;
/*!40101 SET @OLD_CHARACTER_SET_CLIENT=@@CHARACTER_SET_CLIENT */;
/*!40101 SET @OLD_CHARACTER_SET_RESULTS=@@CHARACTER_SET_RESULTS */;
/*!40101 SET @OLD_COLLATION_CONNECTION=@@COLLATION_CONNECTION */;
/*!40103 SET @OLD_TIME_ZONE=@@TIME_ZONE */;
/*!40103 SET TIME_ZONE='+00:00' */;
/*!40014 SET @OLD_UNIQUE_CHECKS=@@UNIQUE_CHECKS, UNIQUE_CHECKS=0 */;
/*!40014 SET @OLD_FOREIGN_KEY_CHECKS=@@FOREIGN_KEY_CHECKS, FOREIGN_KEY_CHECKS=0 */;
/*!40101 SET @OLD_SQL_MODE=@@SQL_MODE, SQL_MODE='NO_AUTO_VALUE_ON_ZERO' */;
/*!40111 SET @OLD_SQL_NOTES=@@SQL_NOTES, SQL_NOTES=0 */;

DROP TABLE IF EXISTS `calendar_user`;
CREATE TABLE `calendar_user` (
  `user_id` bigint(20) unsigned NOT NULL,
  `event_id` bigint(20) unsigned NOT NULL,
  PRIMARY KEY (`user_id`,`event_id`),
  UNIQUE KEY `user_id` (`user_id`),
  KEY `event_id` (`event_id`),
  CONSTRAINT `calendar_user_ibfk_1` FOREIGN KEY (`user_id`) REFERENCES `users` (`id`),
  CONSTRAINT `calendar_user_ibfk_2` FOREIGN KEY (`event_id`) REFERENCES `events` (`id`)
) ENGINE=InnoDB DEFAULT CHARSET=latin1 COMMENT='События в календаре пользователя';



DROP TABLE IF EXISTS `communities`;
CREATE TABLE `communities` (
  `id` bigint(20) unsigned NOT NULL AUTO_INCREMENT,
  `name` varchar(150) DEFAULT NULL,
  `admin_user_id` bigint(20) unsigned NOT NULL,
  UNIQUE KEY `id` (`id`),
  KEY `communities_name_idx` (`name`),
  KEY `admin_user_id` (`admin_user_id`),
  CONSTRAINT `communities_ibfk_1` FOREIGN KEY (`admin_user_id`) REFERENCES `users` (`id`)
) ENGINE=InnoDB DEFAULT CHARSET=latin1;



DROP TABLE IF EXISTS `events`;
CREATE TABLE `events` (
  `id` bigint(20) unsigned NOT NULL AUTO_INCREMENT,
  `user_id` bigint(20) unsigned NOT NULL,
  `media_id` bigint(20) unsigned NOT NULL,
  `event_datetime` datetime NOT NULL,
  `event_date` date DEFAULT NULL COMMENT 'Для операций с календарем',
  `coord` point DEFAULT NULL COMMENT 'Коодинаты события',
  PRIMARY KEY (`id`),
  UNIQUE KEY `id` (`id`),
  KEY `event_date` (`event_date`),
  KEY `user_id` (`user_id`),
  KEY `media_id` (`media_id`),
  CONSTRAINT `events_ibfk_1` FOREIGN KEY (`user_id`) REFERENCES `users` (`id`),
  CONSTRAINT `events_ibfk_2` FOREIGN KEY (`media_id`) REFERENCES `media` (`id`)
) ENGINE=InnoDB DEFAULT CHARSET=latin1 COMMENT='События привязанные к локации и времени';



DROP TABLE IF EXISTS `friend_requests`;
CREATE TABLE `friend_requests` (
  `initiator_user_id` bigint(20) unsigned NOT NULL,
  `target_user_id` bigint(20) unsigned NOT NULL,
  `status` enum('requested','approved','declined','unfriended') DEFAULT NULL,
  `requested_at` datetime DEFAULT current_timestamp(),
  `updated_at` datetime DEFAULT NULL ON UPDATE current_timestamp(),
  PRIMARY KEY (`initiator_user_id`,`target_user_id`),
  KEY `target_user_id` (`target_user_id`),
  CONSTRAINT `friend_requests_ibfk_1` FOREIGN KEY (`initiator_user_id`) REFERENCES `users` (`id`),
  CONSTRAINT `friend_requests_ibfk_2` FOREIGN KEY (`target_user_id`) REFERENCES `users` (`id`)
) ENGINE=InnoDB DEFAULT CHARSET=latin1;



DROP TABLE IF EXISTS `likes`;
CREATE TABLE `likes` (
  `id` bigint(20) unsigned NOT NULL AUTO_INCREMENT,
  `user_id` bigint(20) unsigned NOT NULL,
  `media_id` bigint(20) unsigned NOT NULL,
  `created_at` datetime DEFAULT current_timestamp(),
  UNIQUE KEY `id` (`id`),
  KEY `likes_fk` (`media_id`),
  KEY `likes_fk_1` (`user_id`),
  CONSTRAINT `likes_fk` FOREIGN KEY (`media_id`) REFERENCES `media` (`id`),
  CONSTRAINT `likes_fk_1` FOREIGN KEY (`user_id`) REFERENCES `users` (`id`)
) ENGINE=InnoDB DEFAULT CHARSET=latin1;



DROP TABLE IF EXISTS `media`;
CREATE TABLE `media` (
  `id` bigint(20) unsigned NOT NULL AUTO_INCREMENT,
  `media_type_id` bigint(20) unsigned NOT NULL,
  `user_id` bigint(20) unsigned NOT NULL,
  `body` text DEFAULT NULL,
  `filename` varchar(255) DEFAULT NULL,
  `size` int(11) DEFAULT NULL,
  `metadata` longtext CHARACTER SET utf8mb4 COLLATE utf8mb4_bin DEFAULT NULL CHECK (json_valid(`metadata`)),
  `created_at` datetime DEFAULT current_timestamp(),
  `updated_at` datetime DEFAULT NULL ON UPDATE current_timestamp(),
  UNIQUE KEY `id` (`id`),
  KEY `user_id` (`user_id`),
  KEY `media_type_id` (`media_type_id`),
  CONSTRAINT `media_ibfk_1` FOREIGN KEY (`user_id`) REFERENCES `users` (`id`),
  CONSTRAINT `media_ibfk_2` FOREIGN KEY (`media_type_id`) REFERENCES `media_types` (`id`)
) ENGINE=InnoDB AUTO_INCREMENT=101 DEFAULT CHARSET=latin1;

INSERT INTO `media` VALUES ('1','2','102','Quisquam quia quasi dolores provident id tempora. Qui deleniti ipsam voluptatem illum iusto est. Natus et nihil ea unde ut consequatur deleniti. Voluptatibus occaecati autem consectetur beatae fugiat reprehenderit.','qui','393068',NULL,'2000-03-01 11:46:42','2011-04-19 07:51:11'),
('2','3','103','Eum non id occaecati ab enim. Excepturi et consectetur dolore eum maxime culpa ut molestiae. Enim sequi dolor qui et et aliquid fugit. Quos id consequatur sapiente corporis excepturi ea.','eaque','362497156',NULL,'2017-04-10 14:01:58','1989-06-23 13:30:47'),
('3','4','104','Rem eum accusantium alias natus. Voluptatem nulla nihil eos dolorem qui. Et ex temporibus aut nihil sapiente. Quis in non eius soluta.','neque','9635073',NULL,'2001-03-19 14:56:49','1992-05-12 19:43:04'),
('4','5','105','Non facilis rem facere eaque qui qui asperiores. Ut maxime odit eos architecto. Quia ut modi odio fugit consectetur nihil id. Nulla qui voluptas deserunt.','voluptas','0',NULL,'1987-05-02 07:08:49','2002-09-04 02:42:10'),
('5','6','106','Inventore error molestias corrupti delectus id totam voluptate. Totam quidem nihil aut optio ab nihil maxime consequatur. Commodi possimus libero voluptatem libero. Possimus voluptatem in ut cum consequatur velit.','rem','595915',NULL,'2008-04-16 01:33:07','1985-01-28 18:06:16'),
('6','7','107','Aut cumque quam facilis repellendus neque distinctio quia. Eos aperiam quis maiores. Blanditiis accusamus aut sed. Assumenda consequuntur incidunt quia non porro aut. Unde ut non harum et officia inventore.','alias','393753',NULL,'1973-03-04 05:01:33','1992-12-12 16:57:06'),
('7','2','108','Neque qui ut et quisquam cumque nam accusantium. Aut ut laborum eum quasi maxime accusamus. Nostrum unde laudantium error voluptates consequatur eveniet. Fugit iure distinctio et est enim tempora in.','et','7',NULL,'2009-01-13 06:14:02','2002-01-07 15:54:52'),
('8','3','109','Et ullam praesentium tempore vero ut dignissimos rerum. Nesciunt quia expedita sit explicabo est similique repellendus. Et ex nostrum quod amet.','ea','54569150',NULL,'2005-10-09 12:49:22','1980-11-06 10:35:59'),
('9','4','111','A eos dolorem quo dolore. Est aut autem cupiditate vel qui totam. Sed illum sed dolor optio dolore. Consequatur ab ut aut dolor laborum ipsum.','ducimus','28875',NULL,'2005-12-27 07:01:10','2006-10-25 18:26:21'),
('10','5','112','Omnis labore possimus quis facilis. Veritatis iusto iure omnis non. Fugiat quo ipsam error molestiae molestias. Qui eligendi reprehenderit unde totam sit vitae dolor. Eius eius consectetur iure nemo nulla aspernatur et.','non','3972',NULL,'2005-10-07 23:23:40','2002-03-22 02:55:25'),
('11','6','113','Hic tempore et et aliquid. Ut aut ratione ut quos.','commodi','14768',NULL,'1974-05-08 21:32:01','2019-06-12 10:01:35'),
('12','7','114','Quaerat qui tenetur explicabo fugiat tempora. Nostrum dolores dolorum nemo ipsam dolorum. Fugit magni beatae voluptatem reiciendis odit amet occaecati commodi. Animi doloribus est minus occaecati quia quia.','a','731902357',NULL,'1970-06-21 00:33:28','2013-07-17 23:57:34'),
('13','2','115','Sint vel voluptas enim non ea dolore laudantium sequi. Animi aliquam qui eos quibusdam est praesentium. Fuga aut consequuntur consectetur quia reprehenderit possimus.','id','198498',NULL,'2006-09-08 15:36:47','1992-04-21 22:26:29'),
('14','3','117','Sequi iure necessitatibus rem omnis et. Quidem non ea consequuntur ipsa quia error debitis.','quaerat','7',NULL,'1988-06-04 20:15:26','2012-08-01 19:00:19'),
('15','4','118','Cumque quod necessitatibus ea rerum vero dolor et. Velit est vitae hic. Praesentium est omnis ut nihil consequatur non.','ut','35214',NULL,'2018-01-11 18:21:45','2006-02-04 20:03:24'),
('16','5','119','Autem qui ut cupiditate necessitatibus alias voluptatem ullam. Unde pariatur et eveniet expedita assumenda illo. Architecto velit officiis a iure enim.','quia','1',NULL,'2017-04-29 04:59:41','1986-08-31 22:33:32'),
('17','6','120','Animi omnis delectus occaecati. Nostrum et laborum porro inventore modi rem. Dolores et modi recusandae repudiandae magnam. Vero est occaecati qui quis.','explicabo','464',NULL,'2006-12-16 11:10:08','2020-04-20 05:52:16'),
('18','7','121','Omnis id ab quidem et similique. Nulla necessitatibus itaque placeat laborum ut. Est et accusantium eum voluptatum accusamus. Voluptate et ipsam et at accusantium libero laborum.','iure','6813292',NULL,'1977-10-30 18:04:22','1975-10-15 12:07:20'),
('19','2','124','Dolor debitis dignissimos qui iste repellendus non voluptas. Veniam fugiat voluptatem autem.','provident','6507296',NULL,'1974-10-31 00:46:56','2016-03-16 13:09:28'),
('20','3','125','Illo expedita quos veniam. Quisquam blanditiis ut necessitatibus. Voluptatem beatae quo quo eaque.','consequuntur','47325',NULL,'1978-02-06 20:01:14','2008-12-01 18:42:01'),
('21','4','128','Vitae sit recusandae quo alias qui voluptatibus. Autem totam quia quasi ut labore reprehenderit.','pariatur','124855206',NULL,'1970-09-07 07:21:36','1997-09-14 20:50:42'),
('22','5','129','Dolores consequatur nostrum quasi quibusdam sit. Distinctio quisquam exercitationem ipsam. Sed delectus nostrum voluptas deserunt corrupti blanditiis assumenda et.','eos','58244',NULL,'2020-05-13 15:43:33','2013-09-13 20:23:55'),
('23','6','131','Id et mollitia voluptatibus. Nesciunt velit provident velit nesciunt corrupti voluptates odit. Est reiciendis et atque quis.','et','642510',NULL,'2008-10-24 00:10:38','1979-04-21 17:19:41'),
('24','7','132','Quam aut voluptas natus non. Aut tempora quae voluptas hic consequatur. Aut excepturi tempore aut.','est','0',NULL,'1980-05-26 23:28:33','2016-07-29 03:11:46'),
('25','2','133','Fugit culpa ea quis tempora et natus. Facere qui veritatis autem at nihil omnis et. Praesentium tempore distinctio voluptatum. Ut animi totam ducimus quia nemo et voluptatem.','qui','840596',NULL,'1987-01-09 00:00:24','2010-02-05 17:09:11'),
('26','3','136','Architecto quo eos voluptatem cupiditate at optio soluta. Aspernatur non facere placeat omnis quae. Aliquid dolore laborum assumenda maiores dolor qui.','laboriosam','84011093',NULL,'1982-06-18 14:33:30','2016-01-10 00:41:29'),
('27','4','138','Placeat amet quia aut sint libero maxime architecto qui. Ut itaque voluptatem sunt commodi in autem. Suscipit blanditiis velit et dolor tempore illum ab a. Ipsum dicta mollitia quia debitis soluta esse temporibus.','atque','0',NULL,'2011-02-13 22:45:13','2008-04-27 01:09:27'),
('28','5','142','Ipsum accusantium quo earum et veniam voluptatem ipsam. Sunt hic corporis maxime accusantium voluptas maiores nisi. Consequatur ut eum officiis dolorum sunt natus eos atque. Pariatur aut voluptas assumenda ipsa nihil.','provident','5821892',NULL,'2019-06-02 14:11:51','1996-08-22 18:01:50'),
('29','6','143','Voluptates neque a esse error delectus voluptatibus. Est velit velit repellendus ut aut saepe. Qui eos vel nihil quaerat id eum.','dolore','0',NULL,'1995-02-07 18:12:32','1995-07-15 18:03:19'),
('30','7','145','Eius placeat incidunt cumque ut. Animi et voluptatum quaerat impedit ullam iure. At iusto sed voluptatem rerum omnis. Quisquam iusto unde earum atque ut et.','rerum','38499',NULL,'2020-08-11 13:14:46','2008-02-02 15:46:49'),
('31','2','147','Eveniet nisi perferendis magni. Culpa est est et esse harum aut. Odio eos fugit unde quas animi. Alias aut non corporis deleniti saepe ratione.','magnam','9775',NULL,'1986-03-20 07:13:14','1975-11-25 06:35:29'),
('32','3','150','Sunt cupiditate tenetur in culpa. Enim officia ipsum ipsum. Molestias voluptatem dignissimos quod veritatis voluptatibus aut. Nobis eos quam et voluptatem voluptatem.','ut','70070',NULL,'1992-11-04 15:05:58','2006-05-06 11:45:25'),
('33','4','151','Eveniet iusto sunt porro. Ipsam facere eveniet est qui. Ab dicta sed nesciunt asperiores natus et.','sit','9438221',NULL,'1996-10-12 03:27:08','2012-05-28 02:37:47'),
('34','5','156','Velit nam sunt quod perspiciatis. Impedit aspernatur quod quo quia voluptatum quae.','necessitatibus','0',NULL,'1992-05-23 08:23:51','1991-09-07 01:43:01'),
('35','6','157','Sapiente eius at dicta libero sequi. Molestiae modi sed dolores illo repellendus numquam corporis. Doloremque necessitatibus aut architecto ut ut molestiae sed et.','perferendis','0',NULL,'2007-08-08 01:11:55','2017-01-03 20:41:00'),
('36','7','158','Amet nam vero porro. Et voluptatem et dolorum aspernatur. Libero doloribus vel commodi est non laudantium.','voluptatem','334553',NULL,'2001-06-28 12:31:49','1973-02-01 04:40:39'),
('37','2','160','Asperiores voluptates consectetur rerum ducimus magnam optio. Illo repellendus minima non vero et nihil. Ducimus praesentium ullam non facere voluptatem omnis voluptatibus.','qui','255528',NULL,'2010-09-02 09:35:28','1975-11-21 22:54:54'),
('38','3','161','Unde eos nihil voluptatem quidem ut officiis. Vel est quod repudiandae corporis. Ut fugiat expedita cupiditate et doloribus.','facere','0',NULL,'1979-04-09 22:23:21','2017-08-11 00:57:23'),
('39','4','162','Aliquam nesciunt ea eos a libero consectetur atque. Est consequatur illo nihil facilis cum assumenda impedit. Voluptatibus itaque repellat et error exercitationem voluptatem. Reiciendis voluptas consectetur magnam.','non','654638785',NULL,'1985-07-20 21:24:22','2005-08-03 07:59:58'),
('40','5','163','Omnis natus voluptates ex quia ab quia aliquam odit. Sed nemo sit nulla. Vero similique qui dolores atque aperiam itaque. Sint error maxime quia quas excepturi. Ipsam consequatur esse reprehenderit dolor est voluptatum id architecto.','vero','35746',NULL,'1974-03-27 07:35:10','1984-05-29 02:33:51'),
('41','6','165','Delectus reprehenderit qui non culpa soluta. Molestiae quia molestias dolores laborum placeat quaerat qui. Commodi ex molestiae iste.','vel','100049827',NULL,'1970-03-30 01:27:53','1994-02-22 14:45:37'),
('42','7','168','Beatae quia voluptatum repudiandae rerum explicabo. Nemo et quae temporibus suscipit et reiciendis perspiciatis. Exercitationem mollitia ea dolores ex. Molestiae dicta quaerat est dolorum saepe nihil.','unde','83325981',NULL,'2008-11-24 21:20:50','2005-07-09 09:09:26'),
('43','2','169','Fuga doloribus quia non ex et. Dolor minima voluptate est quam. Earum ratione voluptatem exercitationem ut. Occaecati asperiores ipsum perspiciatis nostrum voluptatum eum est.','tenetur','454763',NULL,'2014-07-01 08:46:21','1998-06-17 09:45:33'),
('44','3','171','Exercitationem magni quia qui quia accusantium sit qui sit. Eum est non aut et. Repellendus aliquid esse provident.','rem','25856192',NULL,'2009-06-14 16:09:14','2003-02-15 02:38:07'),
('45','4','172','Eos vel tempora quia quod ratione aut velit. Ducimus facilis exercitationem in et et. Eveniet quo unde a facilis.','qui','5',NULL,'1979-07-30 04:49:45','1990-12-11 23:21:12'),
('46','5','173','Ex hic ipsa in est qui aspernatur et. Est deserunt et nihil.','culpa','517457112',NULL,'2019-08-08 22:04:11','1982-09-30 03:56:55'),
('47','6','175','Dolorum iusto hic vel qui molestiae. Ratione cum culpa repudiandae dolores perspiciatis. Optio non excepturi quidem quia ad est. Atque temporibus ex molestias.','neque','426710579',NULL,'2017-10-19 03:57:45','2002-03-26 00:54:01'),
('48','7','176','Odit nam et nostrum fugit quia qui dolor. Distinctio sint unde et cum quia necessitatibus maiores minus.','rem','5185070',NULL,'2001-11-26 23:04:02','2015-07-23 23:30:39'),
('49','2','178','Laudantium qui sit tempora vitae soluta ipsam. Ducimus modi ratione optio nihil commodi voluptatem est. Inventore occaecati assumenda quod.','sint','5484',NULL,'2011-11-19 20:48:12','2019-04-17 19:31:11'),
('50','3','179','Autem minus voluptates inventore quia voluptatibus repellendus. Maiores voluptatem magni quisquam exercitationem dolorum. Molestias corrupti ea vel deserunt. Omnis culpa dolorum perspiciatis expedita ratione delectus.','sed','1996',NULL,'2010-11-28 23:24:36','1976-03-31 21:08:30'),
('51','4','181','Sint assumenda et aut consequatur modi voluptatem. Ipsa praesentium dolorem velit tempora similique molestias et. Quod modi mollitia rerum nesciunt quas ut. Qui necessitatibus inventore qui odit alias.','totam','86',NULL,'1977-04-06 07:45:19','1980-01-08 23:47:01'),
('52','5','182','Autem libero quas quod et qui fuga ab neque. Ut soluta et non exercitationem sit doloribus repellat. Fugiat laudantium fuga et aut praesentium id ullam. Dolorum consectetur totam voluptas corporis autem et quos dolor.','ea','0',NULL,'1982-08-09 04:25:08','1994-06-23 19:49:50'),
('53','6','183','Aspernatur et fugit consequatur omnis est. Cupiditate perspiciatis quia eos est sequi suscipit molestiae. Aperiam adipisci quasi consectetur quis labore esse incidunt.','ab','7958',NULL,'1998-03-24 22:18:43','1997-01-16 06:31:09'),
('54','7','184','Et eum iure eos aut architecto a omnis. Molestiae ea et recusandae eum voluptatibus omnis perferendis. Dolorem eum sed voluptatem.','esse','4991',NULL,'2000-08-24 21:53:28','1992-08-24 05:37:12'),
('55','2','185','Incidunt eius quae dolorem. Quisquam dolorem aspernatur et illum.','quia','92761',NULL,'2014-12-24 18:47:58','1980-01-22 07:27:05'),
('56','3','190','Rerum quia incidunt repellat voluptatem ex aut sapiente et. Consequatur quas sunt enim. Amet nulla repellat totam ab illo facilis quia.','qui','853004327',NULL,'2016-11-17 13:19:37','1970-05-25 09:00:19'),
('57','4','192','Libero rem voluptatem et atque aut deleniti labore et. Debitis et minima et quas sed voluptas. Reiciendis quidem maxime voluptate recusandae repudiandae omnis dolorem. Et animi optio nobis sed repudiandae velit.','qui','0',NULL,'2005-07-02 13:25:39','1988-10-04 13:54:58'),
('58','5','193','Qui voluptatum aut dolore quas neque. Suscipit facere dolorum repellendus et aut esse pariatur. Corrupti deleniti mollitia ab in. Aut id dolore rerum amet aliquid commodi.','iure','0',NULL,'2012-12-25 16:43:48','2016-09-06 01:11:40'),
('59','6','194','Perferendis necessitatibus aperiam odit molestiae dolores repellat perspiciatis dignissimos. Maiores ut eos est autem animi expedita beatae aperiam. Dolor quisquam molestiae in ipsum iusto est. Aut omnis quaerat tempora labore facilis voluptatem.','error','119809717',NULL,'2019-01-13 02:14:33','2017-08-04 08:43:17'),
('60','7','195','Labore et voluptas iure quaerat illo quisquam. Velit nihil labore at ab sed aliquid aliquam ex. Veritatis voluptatem id vel sequi magnam quia vero debitis.','velit','354493',NULL,'1996-08-25 17:26:02','2010-06-14 09:35:05'),
('61','2','197','Quia aspernatur consequatur sunt. Soluta quisquam perferendis corporis sed. Maiores natus et quod eos.','voluptatem','47892064',NULL,'2017-01-01 22:37:05','1980-04-26 13:39:45'),
('62','3','198','Sit ut nam necessitatibus quidem atque molestias impedit. Hic et fuga quasi harum. Similique nihil explicabo suscipit dolores. Aperiam veritatis aut omnis eum voluptatem et qui.','id','892647665',NULL,'1987-03-18 06:53:43','2019-04-15 14:09:23'),
('63','4','200','Vitae est omnis distinctio quam. Facere eaque quae impedit in accusantium velit. Qui numquam quia dolorem voluptas alias. Ut et commodi neque sit commodi.','et','41458723',NULL,'1974-08-09 22:01:03','2018-01-11 09:32:45'),
('64','5','201','In harum voluptate qui beatae quia quos expedita. Ut neque voluptas autem et. Explicabo possimus deserunt recusandae. Corrupti sed aut laborum amet tenetur aut optio.','optio','31746843',NULL,'2001-01-08 15:55:37','1976-03-07 14:45:21'),
('65','6','102','Architecto suscipit architecto voluptatibus quibusdam fuga omnis praesentium. Vitae rerum molestiae minus et cum neque. Et impedit id voluptatum quia neque iure praesentium nobis.','adipisci','2',NULL,'1979-06-05 03:55:46','1982-09-17 12:49:47'),
('66','7','103','Nesciunt et aliquam et voluptatibus vitae. Nemo nihil eaque amet quibusdam id soluta. Repellat reiciendis facilis ea dolorem omnis illum ullam.','et','70153829',NULL,'2008-01-13 04:19:22','1974-07-11 15:57:17'),
('67','2','104','Sapiente ab ullam quis non vitae. Vero ea commodi sunt repellendus labore iusto laborum. Recusandae quia voluptas maiores praesentium. Nesciunt est qui quam sed et.','incidunt','387',NULL,'1977-12-16 02:37:58','2007-06-08 10:03:53'),
('68','3','105','Quia et eveniet perspiciatis dolorum qui voluptatem molestiae. Autem consequatur dolorem in enim. Et et voluptas sunt quae quia non illum. Debitis commodi et beatae dignissimos.','rerum','0',NULL,'2014-10-20 19:14:44','2007-01-09 10:55:08'),
('69','4','106','Rem in laudantium repudiandae eos. Qui quasi omnis consectetur minus. Ad saepe amet assumenda. Dolores totam explicabo iste tenetur magnam.','neque','17909',NULL,'1993-02-11 04:18:34','2020-06-16 21:33:54'),
('70','5','107','Deserunt sapiente quisquam reprehenderit esse ut rerum deleniti. Minus perferendis nulla sint maxime corporis tenetur. Cum inventore in veniam molestiae qui fugiat reiciendis. Molestiae velit beatae aut officiis.','incidunt','47202828',NULL,'1982-10-05 14:27:35','2002-07-21 18:18:01'),
('71','6','108','Quaerat eum libero qui id sint est. Aliquam odit magnam dolorem minus distinctio similique cupiditate. Aut rerum at quas tempore consequatur. Aut ipsa quos reprehenderit sint facere.','fuga','2169387',NULL,'1997-05-11 13:36:11','1982-04-28 04:14:54'),
('72','7','109','Consequatur ratione et sit eveniet. Quibusdam omnis accusantium est occaecati tempore. Tempora consequatur facere expedita ipsa architecto esse quas saepe.','vitae','105930',NULL,'2008-08-13 12:14:23','1978-11-03 08:30:26'),
('73','2','111','Corporis dolor officia corporis dignissimos id aut. Aspernatur exercitationem voluptates recusandae. Harum et rerum quas omnis.','fugiat','10895345',NULL,'2017-11-29 14:01:10','1978-06-09 10:27:26'),
('74','3','112','Ea ab quo tempora quo. Iure rerum id quisquam. Repellendus provident esse dolorem magni.','maxime','9137',NULL,'2009-05-16 07:19:16','2006-11-27 05:51:00'),
('75','4','113','Itaque rem impedit consequatur voluptatum quia quaerat. Ex perferendis ipsa ut nam culpa qui fuga. Repellendus ipsum est ab.','dicta','761182',NULL,'1998-11-09 12:37:23','1998-01-30 14:58:09'),
('76','5','114','Enim vel nesciunt ea ea ut consequatur voluptas. Ex quia in quia libero. Doloribus quis nihil consequuntur. Laudantium fuga dolor minima sint magni quia.','natus','65528',NULL,'1985-04-05 00:55:30','1998-12-11 23:23:21'),
('77','6','115','Dolor ut aut iure provident. Aut officia aut consequuntur culpa quo et id aut. Sint vitae numquam eos error praesentium optio. Iste nobis blanditiis dolorum est.','molestiae','287475476',NULL,'1971-07-21 11:02:33','1980-05-04 20:55:44'),
('78','7','117','Omnis ut possimus molestias molestias ea ut. Cumque non cum ullam. Qui qui autem aut repudiandae expedita. Voluptas fugiat nisi illo in.','quos','81323',NULL,'1996-06-13 22:03:16','2010-06-01 04:38:34'),
('79','2','118','Itaque quo dolorem et excepturi maiores eos. Explicabo enim rem et nihil velit magnam. Voluptas iure aperiam cumque quia dolorem necessitatibus quae. Laboriosam et ullam sit sed earum velit.','quas','1',NULL,'2007-12-15 09:25:27','1983-03-03 07:52:53'),
('80','3','119','Ut ea alias magni dolore. Unde iusto molestias porro laudantium id dolores. Rerum unde accusantium velit architecto.','molestiae','5162608',NULL,'1984-12-28 09:17:24','2008-01-17 16:23:24'),
('81','4','120','Et animi ut provident debitis. Illum voluptatem velit labore quas esse quaerat. Velit magnam facilis iste tenetur.','minus','816513546',NULL,'1981-07-18 00:03:44','1999-08-10 13:56:47'),
('82','5','121','Sit non repellendus recusandae. Velit sunt delectus rerum sunt molestiae assumenda.','tenetur','5',NULL,'2010-01-16 15:35:08','2011-07-19 00:09:21'),
('83','6','124','Sint repellat et facilis cum maxime quo aut. Distinctio maxime blanditiis odio exercitationem. Voluptas modi pariatur voluptatem tenetur. Ipsa consequatur eius culpa soluta et voluptatem ut. Magni illo et facilis deserunt beatae enim culpa praesentium.','quo','752',NULL,'1971-03-24 17:43:16','2011-05-14 10:47:29'),
('84','7','125','Occaecati et officia animi et maxime accusantium. Adipisci dolor voluptatum omnis earum dolor aliquam rem. Nemo ad aut aut ipsam.','cum','7215',NULL,'2016-08-22 19:22:11','2019-02-13 21:38:42'),
('85','2','128','Voluptatibus placeat eaque dolor ullam ut. Dolor quibusdam aut veniam quis itaque quidem. Laboriosam enim velit est ullam.','optio','5989',NULL,'2013-03-05 02:35:14','1971-07-11 13:40:57'),
('86','3','129','Quibusdam expedita non tempore. Sint et nemo amet vel.','assumenda','840581',NULL,'1983-04-27 01:53:49','2018-09-19 08:20:46'),
('87','4','131','Culpa et dignissimos odit commodi. Quia magni dolores rerum nesciunt voluptatem. Nesciunt aut non voluptatibus doloribus quia sunt reprehenderit pariatur.','dicta','59',NULL,'1988-02-09 09:16:29','1990-08-30 06:50:38'),
('88','5','132','Quasi accusamus culpa vitae est unde. Quisquam eaque aut ut unde quos. Nihil eius facilis ut quis.','doloremque','79016705',NULL,'1984-12-03 01:05:58','1991-12-07 22:12:56'),
('89','6','133','Reprehenderit sed est nemo magnam. Beatae ut autem non et. Iure et mollitia aut eius eligendi. Ut tenetur voluptates voluptate ut eos.','voluptatem','8402',NULL,'1980-06-21 01:49:43','2017-11-05 03:58:37'),
('90','7','136','Ut aut quis est voluptatem. Autem assumenda magni ea corrupti accusantium dolorem. Sed debitis repellendus reiciendis dolorem nostrum eius dolores. Voluptate et accusamus quia ipsa voluptatem.','maiores','27071',NULL,'2000-02-29 17:43:05','1972-06-02 09:07:55'),
('91','2','138','Odio ut optio laborum saepe sed quia aut. Ut vel officia nam facere corrupti.','animi','535665947',NULL,'1986-02-22 20:29:03','2011-11-02 16:17:47'),
('92','3','142','Et et id voluptatem sint velit aut sit. Rerum quasi ducimus laudantium eaque laboriosam placeat. Autem ipsa earum repellat expedita in. Magnam fuga nemo unde repudiandae hic sequi sunt occaecati. Maiores voluptatem non ut unde et vel natus.','veritatis','0',NULL,'2001-04-25 12:33:38','2019-09-04 17:14:10'),
('93','4','143','Quod ipsa distinctio soluta at corrupti quia maiores. Culpa quia deleniti nesciunt et. Dignissimos facere eveniet nobis quidem qui ut. Explicabo illo ad sint illum temporibus sint corrupti voluptas. Ex officia eum magni magni.','qui','2',NULL,'2012-01-25 06:21:09','2008-10-14 04:38:55'),
('94','5','145','Nisi dolores recusandae ea occaecati deleniti. Ut nam dolorum aliquam a perspiciatis. Pariatur sit totam eos voluptatem vero porro et.','eius','59334',NULL,'1983-07-15 20:59:21','2002-06-06 07:56:41'),
('95','6','147','Ducimus officia vel odio animi qui libero aperiam ut. Deserunt sit fugit et consectetur quo. Ullam quaerat ut rerum velit consequuntur ut ut necessitatibus. Accusamus laboriosam ad et modi eaque sint.','consequuntur','87421242',NULL,'1981-07-20 13:20:04','2013-06-19 01:40:25'),
('96','7','150','Et aut deleniti qui odit nemo sunt. Deserunt exercitationem deserunt quia et. Fugiat dolor est soluta nesciunt vel qui voluptas delectus. Ut molestias dolore quod ut in.','architecto','725267',NULL,'1980-07-06 08:09:04','1982-05-25 21:31:24'),
('97','2','151','Reprehenderit a ipsam molestiae qui soluta. Autem molestiae in molestiae laudantium sint neque quisquam. Sint corrupti labore ex sint esse id sed quia. Cum unde delectus excepturi perspiciatis aliquid. Perferendis dolor suscipit laudantium consequatur ut.','sit','7950',NULL,'1973-03-21 03:38:10','1983-04-18 12:02:36'),
('98','3','156','Est quidem doloremque dolorum et ipsa quae. Voluptatem est ducimus sit sunt omnis facilis autem. Et commodi pariatur et non.','rem','36856',NULL,'1991-04-23 00:57:55','2008-01-16 02:58:45'),
('99','4','157','Qui eligendi consequuntur eos non. Fuga mollitia dolor quod porro ipsa. Deleniti architecto voluptatum fugit ratione id ab. Est laborum quisquam excepturi quaerat laborum. Et quibusdam sit qui dolorum.','voluptas','6064',NULL,'2010-06-21 16:47:49','1984-03-20 05:55:04'),
('100','5','158','Dolorem et adipisci dolore officia fuga dolorem. Provident et enim ea autem. Omnis ut nihil quas placeat.','exercitationem','91396',NULL,'2017-07-19 05:02:18','2013-11-02 14:44:25'); 


DROP TABLE IF EXISTS `media_types`;
CREATE TABLE `media_types` (
  `id` bigint(20) unsigned NOT NULL AUTO_INCREMENT,
  `name` varchar(255) DEFAULT NULL,
  `created_at` datetime DEFAULT current_timestamp(),
  `updated_at` datetime DEFAULT NULL ON UPDATE current_timestamp(),
  UNIQUE KEY `id` (`id`)
) ENGINE=InnoDB AUTO_INCREMENT=8 DEFAULT CHARSET=latin1;

INSERT INTO `media_types` VALUES ('2','et','1971-07-22 11:47:49','1977-12-16 15:56:13'),
('3','deleniti','1996-09-01 18:36:24','1982-01-27 01:01:01'),
('4','commodi','1991-04-19 00:08:06','2020-07-06 00:43:32'),
('5','nulla','1999-12-15 04:19:16','2017-08-24 09:48:56'),
('6','qui','2003-09-23 02:51:43','1970-04-14 12:01:02'),
('7','consequatur','2019-08-22 04:21:17','1975-09-08 19:37:04'); 


DROP TABLE IF EXISTS `messages`;
CREATE TABLE `messages` (
  `id` bigint(20) unsigned NOT NULL AUTO_INCREMENT,
  `from_user_id` bigint(20) unsigned NOT NULL,
  `to_user_id` bigint(20) unsigned NOT NULL,
  `body` text DEFAULT NULL,
  `created_at` datetime DEFAULT current_timestamp(),
  UNIQUE KEY `id` (`id`),
  KEY `from_user_id` (`from_user_id`),
  KEY `to_user_id` (`to_user_id`),
  CONSTRAINT `messages_ibfk_1` FOREIGN KEY (`from_user_id`) REFERENCES `users` (`id`),
  CONSTRAINT `messages_ibfk_2` FOREIGN KEY (`to_user_id`) REFERENCES `users` (`id`)
) ENGINE=InnoDB DEFAULT CHARSET=latin1;



DROP TABLE IF EXISTS `photo_albums`;
CREATE TABLE `photo_albums` (
  `id` bigint(20) unsigned NOT NULL AUTO_INCREMENT,
  `name` varchar(255) DEFAULT NULL,
  `user_id` bigint(20) unsigned DEFAULT NULL,
  PRIMARY KEY (`id`),
  UNIQUE KEY `id` (`id`),
  KEY `user_id` (`user_id`),
  CONSTRAINT `photo_albums_ibfk_1` FOREIGN KEY (`user_id`) REFERENCES `users` (`id`)
) ENGINE=InnoDB AUTO_INCREMENT=51 DEFAULT CHARSET=latin1;

INSERT INTO `photo_albums` VALUES ('1','Minus dolorum veniam magni.','102'),
('2','Id vel repudiandae deleniti odit expedita sit esse et.','103'),
('3','Ut voluptate eum repellat vero dolores perspiciatis quam.','104'),
('4','Alias voluptatem aliquid mollitia dolor.','105'),
('5','Rerum ut aspernatur dignissimos voluptas nihil dolorem qui.','106'),
('6','Rem illum expedita enim rerum.','107'),
('7','Omnis doloribus atque nemo exercitationem.','108'),
('8','Omnis cum qui perferendis facere est laudantium dolorem.','109'),
('9','Veniam ex expedita sit voluptates.','111'),
('10','Quasi amet dolores eum neque assumenda.','112'),
('11','Beatae consequatur sed dicta soluta.','113'),
('12','Et ut et maxime magni modi.','114'),
('13','Vel iure nam nesciunt accusamus nihil.','115'),
('14','Nam eveniet est ipsum similique.','117'),
('15','Repudiandae hic non atque reprehenderit qui animi officia tempora.','118'),
('16','Incidunt enim vero repellendus.','119'),
('17','Repudiandae ea facere assumenda et omnis.','120'),
('18','Culpa deleniti necessitatibus rerum esse quidem numquam.','121'),
('19','Voluptas corporis ratione eius perspiciatis officia.','124'),
('20','Alias labore dignissimos nihil rerum quaerat accusantium quae.','125'),
('21','Reiciendis atque sunt ea non blanditiis neque tenetur voluptatem.','128'),
('22','Cupiditate quas adipisci et est quia.','129'),
('23','Est incidunt nihil minus animi sapiente.','131'),
('24','Voluptatem deserunt vel eligendi delectus.','132'),
('25','Perferendis est inventore aut qui.','133'),
('26','Enim voluptas quaerat soluta assumenda animi ipsa.','136'),
('27','Voluptatibus voluptas sapiente voluptas libero doloribus voluptatem.','138'),
('28','Provident exercitationem ut id molestiae provident rem facere ab.','142'),
('29','Suscipit et laboriosam officiis aspernatur perspiciatis nihil omnis.','143'),
('30','Explicabo in itaque aut ad quia rerum qui impedit.','145'),
('31','Voluptas quo sequi repellendus voluptatem dolores saepe et.','147'),
('32','At velit esse fuga autem labore natus.','150'),
('33','Rerum inventore error dicta enim.','151'),
('34','Deleniti omnis sapiente temporibus nam voluptas culpa.','156'),
('35','Tempora labore assumenda minima dolorum sint consequatur.','157'),
('36','Nulla quod perspiciatis quasi modi asperiores dolor.','158'),
('37','Occaecati voluptatem cupiditate saepe quisquam occaecati numquam.','160'),
('38','Rerum possimus quam doloremque officiis nesciunt esse voluptate.','161'),
('39','Sint consequatur rerum et neque at autem molestias et.','162'),
('40','Debitis quisquam tempora maiores ducimus.','163'),
('41','Cum sint ea ut tempore aut est voluptatem.','165'),
('42','Odio et nihil laborum quisquam aut voluptatem.','168'),
('43','Doloremque quo nisi placeat voluptatem illo ipsum cumque.','169'),
('44','Et dolore maxime aliquid aliquid quibusdam sunt molestias fugiat.','171'),
('45','Ex quis maiores ab a omnis explicabo harum.','172'),
('46','Accusantium ut aut vel.','173'),
('47','Qui quo enim saepe iusto hic soluta voluptas eius.','175'),
('48','Id aliquam rerum accusantium laboriosam quasi dolorem voluptas nesciunt.','176'),
('49','Quam expedita quae omnis dolorem.','178'),
('50','Voluptatum nihil sapiente nam quos dolorem omnis et.','179'); 


DROP TABLE IF EXISTS `photos`;
CREATE TABLE `photos` (
  `id` bigint(20) unsigned NOT NULL AUTO_INCREMENT,
  `album_id` bigint(20) unsigned DEFAULT NULL,
  `media_id` bigint(20) unsigned NOT NULL,
  UNIQUE KEY `id` (`id`),
  KEY `album_id` (`album_id`),
  KEY `media_id` (`media_id`),
  CONSTRAINT `photos_ibfk_1` FOREIGN KEY (`album_id`) REFERENCES `photo_albums` (`id`),
  CONSTRAINT `photos_ibfk_2` FOREIGN KEY (`media_id`) REFERENCES `media` (`id`)
) ENGINE=InnoDB AUTO_INCREMENT=101 DEFAULT CHARSET=latin1;

INSERT INTO `photos` VALUES ('1','1','1'),
('2','2','2'),
('3','3','3'),
('4','4','4'),
('5','5','5'),
('6','6','6'),
('7','7','7'),
('8','8','8'),
('9','9','9'),
('10','10','10'),
('11','11','11'),
('12','12','12'),
('13','13','13'),
('14','14','14'),
('15','15','15'),
('16','16','16'),
('17','17','17'),
('18','18','18'),
('19','19','19'),
('20','20','20'),
('21','21','21'),
('22','22','22'),
('23','23','23'),
('24','24','24'),
('25','25','25'),
('26','26','26'),
('27','27','27'),
('28','28','28'),
('29','29','29'),
('30','30','30'),
('31','31','31'),
('32','32','32'),
('33','33','33'),
('34','34','34'),
('35','35','35'),
('36','36','36'),
('37','37','37'),
('38','38','38'),
('39','39','39'),
('40','40','40'),
('41','41','41'),
('42','42','42'),
('43','43','43'),
('44','44','44'),
('45','45','45'),
('46','46','46'),
('47','47','47'),
('48','48','48'),
('49','49','49'),
('50','50','50'),
('51','1','51'),
('52','2','52'),
('53','3','53'),
('54','4','54'),
('55','5','55'),
('56','6','56'),
('57','7','57'),
('58','8','58'),
('59','9','59'),
('60','10','60'),
('61','11','61'),
('62','12','62'),
('63','13','63'),
('64','14','64'),
('65','15','65'),
('66','16','66'),
('67','17','67'),
('68','18','68'),
('69','19','69'),
('70','20','70'),
('71','21','71'),
('72','22','72'),
('73','23','73'),
('74','24','74'),
('75','25','75'),
('76','26','76'),
('77','27','77'),
('78','28','78'),
('79','29','79'),
('80','30','80'),
('81','31','81'),
('82','32','82'),
('83','33','83'),
('84','34','84'),
('85','35','85'),
('86','36','86'),
('87','37','87'),
('88','38','88'),
('89','39','89'),
('90','40','90'),
('91','41','91'),
('92','42','92'),
('93','43','93'),
('94','44','94'),
('95','45','95'),
('96','46','96'),
('97','47','97'),
('98','48','98'),
('99','49','99'),
('100','50','100'); 


DROP TABLE IF EXISTS `profiles`;
CREATE TABLE `profiles` (
  `user_id` bigint(20) unsigned NOT NULL,
  `gender` char(1) DEFAULT NULL,
  `birthday` date DEFAULT NULL,
  `photo_id` bigint(20) unsigned DEFAULT NULL,
  `created_at` datetime DEFAULT current_timestamp(),
  `hometown` varchar(100) DEFAULT NULL,
  UNIQUE KEY `user_id` (`user_id`),
  KEY `profiles_fk_1` (`photo_id`),
  CONSTRAINT `fk_user_id` FOREIGN KEY (`user_id`) REFERENCES `users` (`id`) ON UPDATE CASCADE,
  CONSTRAINT `profiles_fk_1` FOREIGN KEY (`photo_id`) REFERENCES `media` (`id`)
) ENGINE=InnoDB DEFAULT CHARSET=latin1;



DROP TABLE IF EXISTS `tags`;
CREATE TABLE `tags` (
  `code` char(6) NOT NULL COMMENT 'код тега, натуральный ключ',
  PRIMARY KEY (`code`)
) ENGINE=InnoDB DEFAULT CHARSET=latin1 COMMENT='Теги для быстрого поиска';

INSERT INTO `tags` VALUES ('apfzhk'),
('ayfucq'),
('bbnodc'),
('bkucal'),
('cujjzl'),
('cusvmf'),
('dcbetd'),
('dembxw'),
('dguglj'),
('dnyydw'),
('efmsle'),
('ejfogj'),
('eotwth'),
('fcexjf'),
('fczgsy'),
('fkjmyi'),
('flgsns'),
('fqvfwj'),
('gudrsi'),
('hcsjis'),
('hgddxo'),
('hgrhjf'),
('hpzcpv'),
('hqzayg'),
('hwjiiy'),
('ibyshv'),
('iksvel'),
('jxqnyv'),
('kkckvu'),
('lepapi'),
('likuox'),
('litfsl'),
('lnmwqs'),
('lpwvai'),
('lrfpmo'),
('lzcube'),
('mfvono'),
('mljrxs'),
('mykrpy'),
('nlouua'),
('npwqpj'),
('nsngtu'),
('nsoxgl'),
('oawevp'),
('oerlhk'),
('ojrqez'),
('oxlpjh'),
('oygjes'),
('pafqtb'),
('papkfs'),
('pdnbzp'),
('phksqy'),
('pojpts'),
('puwdqb'),
('pvzuis'),
('qcneyu'),
('qszdgi'),
('qvjjlk'),
('qxlcoj'),
('rhxypz'),
('riubtz'),
('rpayti'),
('rrxqqv'),
('sflauj'),
('slrxuf'),
('sttnbn'),
('sunwye'),
('supaqp'),
('suxcqu'),
('sxkusk'),
('tfeldh'),
('tfkjej'),
('tigpum'),
('tirlgk'),
('tjofyq'),
('tjqdnw'),
('tmfytd'),
('trnmby'),
('uapvyl'),
('uzqzpi'),
('vcekzk'),
('vcgdoo'),
('woomze'),
('wpjkdv'),
('wtvpkh'),
('wzqmaf'),
('xdkngy'),
('xejcyb'),
('ybuqge'),
('ygdpxf'),
('yjhzzw'),
('ymmwfa'),
('ywqsgw'),
('yybtlk'),
('zjknkc'),
('znylhf'),
('zpnrgf'),
('zswpml'),
('ztwvxt'),
('zydtcd'); 


DROP TABLE IF EXISTS `tags_media`;
CREATE TABLE `tags_media` (
  `code` char(6) NOT NULL COMMENT 'код тега, натуральный ключ',
  `media_id` bigint(10) unsigned NOT NULL,
  PRIMARY KEY (`code`,`media_id`),
  KEY `media_id` (`media_id`),
  CONSTRAINT `tags_media_ibfk_1` FOREIGN KEY (`code`) REFERENCES `tags` (`code`),
  CONSTRAINT `tags_media_ibfk_2` FOREIGN KEY (`media_id`) REFERENCES `media` (`id`)
) ENGINE=InnoDB DEFAULT CHARSET=latin1 COMMENT='Теги на медиа для быстрого поиска';

INSERT INTO `tags_media` VALUES ('apfzhk','1'),
('ayfucq','2'),
('bbnodc','3'),
('bkucal','4'),
('cujjzl','5'),
('cusvmf','6'),
('dcbetd','7'),
('dembxw','8'),
('dguglj','9'),
('dnyydw','10'),
('efmsle','11'),
('ejfogj','12'),
('eotwth','13'),
('fcexjf','14'),
('fczgsy','15'),
('fkjmyi','16'),
('flgsns','17'),
('fqvfwj','18'),
('gudrsi','19'),
('hcsjis','20'),
('hgddxo','21'),
('hgrhjf','22'),
('hpzcpv','23'),
('hqzayg','24'),
('hwjiiy','25'),
('ibyshv','26'),
('iksvel','27'),
('jxqnyv','28'),
('kkckvu','29'),
('lepapi','30'),
('likuox','31'),
('litfsl','32'),
('lnmwqs','33'),
('lpwvai','34'),
('lrfpmo','35'),
('lzcube','36'),
('mfvono','37'),
('mljrxs','38'),
('mykrpy','39'),
('nlouua','40'),
('npwqpj','41'),
('nsngtu','42'),
('nsoxgl','43'),
('oawevp','44'),
('oerlhk','45'),
('ojrqez','46'),
('oxlpjh','47'),
('oygjes','48'),
('pafqtb','49'),
('papkfs','50'),
('pdnbzp','51'),
('phksqy','52'),
('pojpts','53'),
('puwdqb','54'),
('pvzuis','55'),
('qcneyu','56'),
('qszdgi','57'),
('qvjjlk','58'),
('qxlcoj','59'),
('rhxypz','60'),
('riubtz','61'),
('rpayti','62'),
('rrxqqv','63'),
('sflauj','64'),
('slrxuf','65'),
('sttnbn','66'),
('sunwye','67'),
('supaqp','68'),
('suxcqu','69'),
('sxkusk','70'),
('tfeldh','71'),
('tfkjej','72'),
('tigpum','73'),
('tirlgk','74'),
('tjofyq','75'),
('tjqdnw','76'),
('tmfytd','77'),
('trnmby','78'),
('uapvyl','79'),
('uzqzpi','80'),
('vcekzk','81'),
('vcgdoo','82'),
('woomze','83'),
('wpjkdv','84'),
('wtvpkh','85'),
('wzqmaf','86'),
('xdkngy','87'),
('xejcyb','88'),
('ybuqge','89'),
('ygdpxf','90'),
('yjhzzw','91'),
('ymmwfa','92'),
('ywqsgw','93'),
('yybtlk','94'),
('zjknkc','95'),
('znylhf','96'),
('zpnrgf','97'),
('zswpml','98'),
('ztwvxt','99'),
('zydtcd','100'); 


DROP TABLE IF EXISTS `users`;
CREATE TABLE `users` (
  `id` bigint(20) unsigned NOT NULL AUTO_INCREMENT,
  `firstname` varchar(50) DEFAULT NULL,
  `lastname` varchar(50) DEFAULT NULL COMMENT 'Фамиль',
  `email` varchar(120) DEFAULT NULL,
  `password_hash` varchar(100) DEFAULT NULL,
  `phone` bigint(20) unsigned DEFAULT NULL,
  PRIMARY KEY (`id`),
  UNIQUE KEY `email` (`email`),
  UNIQUE KEY `phone` (`phone`),
  KEY `users_firstname_lastname_idx` (`firstname`,`lastname`)
) ENGINE=InnoDB AUTO_INCREMENT=202 DEFAULT CHARSET=latin1 COMMENT='юзеры';

INSERT INTO `users` VALUES ('102','Clementina','Dickens','alda.wunsch@example.org','94c597e0072da2b08548cc282ca9f5bc4d3f24d2','450823'),
('103','Eloise','Durgan','elouise.wisozk@example.net','4f715e2a2d41989ad0099a7e79ef097f2bd3b55c','873'),
('104','Ivory','Koss','rutherford.mathias@example.org','3792790ce75c7f80c4d8ca31cbef7af2c11a04b2','177'),
('105','Cortney','Boehm','maufderhar@example.net','1f467e03cbb7a7fe7da172c92196d71a0ef713a3','308396'),
('106','Murphy','Tromp','deja.schmitt@example.com','7088f7d06952d2477029517bbfad83e7b967b9d2','738'),
('107','Margarette','Macejkovic','bertha62@example.com','686eddcdc814dd5dbf014b8c52c747f233dd0b95','1'),
('108','Devin','Dibbert','annabelle.williamson@example.com','5b26f3523a1443e7d0346589205c92aed6906854','655046'),
('109','Geraldine','Quitzon','vella64@example.org','508f59dd79f648428503880ba33a56894df962a1','0'),
('111','Edythe','Pfeffer','leffler.abel@example.org','f1d5db1dd9495e6f5a981896ad7bf0a02de92636','989449'),
('112','Clyde','O\'Kon','hrolfson@example.com','dfc2c5d95b99398199db96c9e741381e7ac46397','935'),
('113','Blair','Ernser','idach@example.org','07294382293eee95e9568535a2358b17e9debd0c','88'),
('114','Winifred','Weimann','ygleichner@example.com','8e8be4bdd09fefd5182efc811450aedbc6e8e9c6','4641738249'),
('115','Efren','Leuschke','ezekiel.raynor@example.com','647a1742728d20c40d40b2218f579460f2cce661','646'),
('117','Chanel','Konopelski','xschulist@example.net','230d02ec7b5a01575bc96063f696353617384adf','558000'),
('118','Elisa','Pfeffer','alexzander15@example.com','a2413f3b686b2d0c6178751f9a8d34b05dc68eb2','475618'),
('119','Therese','Hansen','vicenta.feil@example.org','d2e6b312c60abbb0c51b8428cf900d17f4a9bc3c','4879899232'),
('120','Verda','Cremin','dicki.margot@example.org','3f0e4aa666f5f6f85c786e8ca250e629bffc3a7f','501567'),
('121','Haylee','Cremin','dkuphal@example.net','8c74debe4d916fcca5fe8244dbf1f3f413101582','332'),
('124','Johnny','Borer','vidal.stracke@example.org','5b5cd82ed424bc5515f50307317b0c1f82f84bb6','130089'),
('125','Rogelio','Morissette','mante.keven@example.com','497862fc68b6ce8d7d6fcccc5c4578bc79525311','723707'),
('128','Kennedi','Cummerata','meta60@example.com','0e020aaf45e7da73282b866b0a917ea0fa1560f4','17442'),
('129','Elaina','Lehner','aglae34@example.org','ccd88e1d24c3c88c1d126b6cf1010ebdeb97e94f','292628'),
('131','Liliane','Beer','jany.osinski@example.net','1bea1022c9e858399edd5a60dbee2fb9be052aab','324'),
('132','Alysha','Kirlin','stokes.amelia@example.net','eb16a885e5b6b1ea6204f79aed72fca3093e2c89','9076091898'),
('133','Kellie','Padberg','greyson90@example.net','27f6f7413c774a9b26341b939d0d1ec70d657443','402115'),
('136','Sage','McDermott','kuphal.elissa@example.org','162228311ae55c119e04fdb669b7634e296e72ab','741'),
('138','Rudolph','Botsford','meda93@example.com','c106000f11751207508ad2d9758c7193fc199880','784923'),
('142','Gerhard','Crist','bosco.marge@example.net','70a38eaa976558ceddede2049e3b5a1574422cf1','150'),
('143','Laurence','Toy','ashton.doyle@example.com','f16971a0b1dacc1596eeff65fc4c18fe30f92f31','336'),
('145','Oliver','Runolfsdottir','strosin.yvette@example.net','78feb0a0690032861f65b2df7a409383a6ea8d67','228476'),
('147','Zakary','Ward','moriah09@example.com','16bc64aee04d2c819115ad18e2d0b8dbc0ff766c','890'),
('150','Junius','Breitenberg','wtreutel@example.net','600ba2868b10a1173fcd980dbacadbd338f3e92f','211'),
('151','Aditya','Doyle','green.jarrod@example.org','29bb0df40d2abdf69761e46985c48b3c92470df2','12246'),
('156','Kelley','Schowalter','colby71@example.net','edb36f4fe95955b44f2df50fe9f717fadf93d87f','937888'),
('157','Agnes','Donnelly','leilani03@example.com','2c0ec237f922759fbb327a27be148efa4591a282','352141'),
('158','Ofelia','Frami','crona.ludwig@example.net','a37c1052009823b15e55a63f18cc1d34ac782442','962453'),
('160','Denis','Schultz','kyleigh93@example.org','055b983fcf99cb6291943eec30e7bebfcc7467eb','994935'),
('161','Andrew','Vandervort','schuyler39@example.net','67cf471bb65a6c74901a64d484d7b6a7483bdef8','556'),
('162','Alena','Gleichner','lucile.o\'reilly@example.com','fa9d2c4b5be2de1c8afc34fb1b27a64863c7e4db','7'),
('163','Lynn','Cruickshank','braun.mervin@example.net','350d4f0313b3efe4bc0fc300f32f9a2633a704a1','2386539221'),
('165','Crystel','Bergnaum','jadyn.jacobs@example.com','48ee4bc4299ffc41e59a3f8160ec49f1f6e47750','571'),
('168','Shaylee','Borer','dane.grady@example.net','5f69df19dda425d46324e5d6690b261968a33b03','967'),
('169','Dayne','Pollich','zyundt@example.com','7a696743d7d6f8bbcbf1b759cb21dfb1b6be194f','825645'),
('171','Marianna','Bradtke','lottie84@example.org','afd960c7d783992d41c38f6b04a2e9d8f1714f1c','596119'),
('172','Barbara','Schoen','carley.metz@example.com','0a24d8447a31aa6c76b1c114f5157e5d0550265d','265'),
('173','Nestor','Kunde','ggulgowski@example.com','bdc909c21dbf09ee6702db91035564d7acd1dee2','5'),
('175','Stefan','Lockman','jaskolski.herman@example.org','c9df526cc69a8e9eb69d2be7897acae2cc48ce78','12'),
('176','Taryn','Bayer','vgutkowski@example.net','9268ac2ed10da8f79259db4c08255e37ba1ecf36','905012'),
('178','Brock','Greenholt','rreichel@example.net','0b0b520a4e1dc7d4ab21a88ec8a487bffb622c9f','15'),
('179','Camron','Stiedemann','davis.brisa@example.org','d6b98b3050ab23a5475d62249d9058712a0204f4','674'),
('181','Rahsaan','Mohr','wfahey@example.org','890d76262f455b82aeca4965231299a191a40ff7','575'),
('182','Rosemarie','Willms','ischamberger@example.net','b7103c66b5d9c8f5119aa2976afe7022692c0f9a','373358'),
('183','Sim','Deckow','wilhelmine22@example.com','4adf1c2cc520bc6b4acb9cae989e285caec8ba97','89618'),
('184','Lindsey','Bruen','lowell02@example.org','5fb6fafcd637ad15784147ce9d02c2469d137561','339272'),
('185','Bryon','Feeney','paucek.willow@example.com','7d3379ed5385fafd70829d9cb0cd526285ef632f','91'),
('190','Barton','Oberbrunner','glen.turcotte@example.net','fa6e0e9510e719abcce1459d01eea52ad3f965ec','916770'),
('192','Brian','Borer','easton.hickle@example.com','cf381e1046de9667b35939a1d93f09739b7b63e9','344414'),
('193','Chelsey','Witting','hester39@example.org','996bfc1320ea49cc2cd05840fcd4c459f7052d23','18'),
('194','Edmund','Kilback','swaniawski.jerry@example.net','f3df392299f2effda57fb53fa59d62b0ffcbe5fe','23089'),
('195','Jacey','Heidenreich','orin80@example.org','f591d104c1a2f79805c175ee40f18ba6c9efe33a','122'),
('197','Amani','Kemmer','morissette.madison@example.com','2f16bc5528c43defd59c0276237a5cbbecdfcdd1','104404'),
('198','Brenden','Bednar','schowalter.brent@example.net','28275353c65769f0b7f7bbf9d93644150e92a4f6','50509'),
('200','Charles','Larson','isadore.tromp@example.net','482925724e7cbd675f078ad597dde5f77331024e','378572'),
('201','Else','Pfannerstill','tommie.beer@example.net','9208183ed4adcec7c133a4109bd4d452b8ffbbf6','90'); 


DROP TABLE IF EXISTS `users_communities`;
CREATE TABLE `users_communities` (
  `user_id` bigint(20) unsigned NOT NULL,
  `community_id` bigint(20) unsigned NOT NULL,
  PRIMARY KEY (`user_id`,`community_id`),
  KEY `community_id` (`community_id`),
  CONSTRAINT `users_communities_ibfk_1` FOREIGN KEY (`user_id`) REFERENCES `users` (`id`),
  CONSTRAINT `users_communities_ibfk_2` FOREIGN KEY (`community_id`) REFERENCES `communities` (`id`)
) ENGINE=InnoDB DEFAULT CHARSET=latin1;





/*!40101 SET SQL_MODE=@OLD_SQL_MODE */;
/*!40014 SET FOREIGN_KEY_CHECKS=@OLD_FOREIGN_KEY_CHECKS */;
/*!40014 SET UNIQUE_CHECKS=@OLD_UNIQUE_CHECKS */;
/*!40101 SET CHARACTER_SET_CLIENT=@OLD_CHARACTER_SET_CLIENT */;
/*!40101 SET CHARACTER_SET_RESULTS=@OLD_CHARACTER_SET_RESULTS */;
/*!40101 SET COLLATION_CONNECTION=@OLD_COLLATION_CONNECTION */;
/*!40111 SET SQL_NOTES=@OLD_SQL_NOTES */;

