# Практическое задание по теме “CRUD – операции”:
# i. Заполнить все таблицы БД vk данными (по 10-100 записей в каждой таблице)
# ii. Написать скрипт, возвращающий список имен (только firstname) пользователей без повторений в алфавитном порядке
# iii. Написать скрипт, отмечающий несовершеннолетних пользователей как неактивных (поле is_active = false). Предварительно добавить такое поле в таблицу profiles со значением по умолчанию = true (или 1)
# iv. Написать скрипт, удаляющий сообщения «из будущего» (дата больше сегодняшней)
# v. Написать название темы курсового проекта (в комментарии)


# i. Заполнить все таблицы БД vk данными

INSERT INTO `users`
VALUES ('2', 'Jaclyn', 'Okuneva', 'donnell02@example.org', 'd20501f2f7938819d8a598bcc453334b226fe503', '89111967547'),
       ('3', 'Flavie', 'Hyatt', 'bernadette31@example.org', '2c9e9bfde2972a252eece0b5f3e2a0cadd94e8bf', '89151397375'),
       ('4', 'Casimir', 'Murazik', 'bonita69@example.org', '641f3b422f6f565904ffb816da073e468681b53', '89074197622'),
       ('5', 'Irving', 'Treutel', 'albina07@example.com', '40e4fb6f407e5ea5a9b3dfb8ff99bb4398d153ec', '89070905362'),
       ('6', 'Brycen', 'Osinski', 'jedidiah.schneider@example.org', '9e8ee65fb92388c9f970e27510258fdb9285dbb8',
        '89158111180'),
       ('7', 'Sibyl', 'Bins', 'ucole@example.net', 'a3a714df465266b45f4e4373b83b37c91e64183c', '89233382499'),
       ('8', 'Marian', 'Kovacek', 'laurel66@example.com', '621f5d80f64bbb4f5b97284ef7ed876f7deaaac0', '89152211621'),
       ('9', 'Markus', 'Durgan', 'maurice.bartoletti@example.org', '49328f0d78ca89472b4f4df0de02f847d2dc666b',
        '89088409408'),
       ('10', 'Armando', 'Jacobi', 'karson39@example.net', '1ddfc3d02fffe1fb9aa18977bd2ddfe0cb645fb4', '89084127251'),
       ('11', 'Samson', 'Conroy', 'addie88@example.org', 'bd867566e39ee6d351ca5952f1ad956795286ee8', '89057653129'),
       ('12', 'Myra', 'Reynolds', 'madeline48@example.com', '42b60b86d21718928019b366a001e3b684d2deb9', '89042800980'),
       ('13', 'Ricky', 'Sporer', 'autumn.ziemann@example.com', '89b4e5f2619741cf51996fe7bbbe35ce6644eeef',
        '89250693951'),
       ('14', 'Zoila', 'O\'Kon', 'lgislason@example.org', 'c94f5afc0527a9252d16734196ba7d10f9c976d6', '89250428149'),
       ('15', 'Terry', 'Kihn', 'shana.schroeder@example.net', 'ccef32bcc93afae91edc95c56374cdd30fd6f910',
        '89219820085'),
       ('16', 'Marilyne', 'Deckow', 'elenor.kirlin@example.org', 'a5d2420d4a4127d88acb6d26142d9b5db40759db',
        '89226424292'),
       ('17', 'Brian', 'Carter', 'bwisozk@example.org', '1b7fb9748a61a677635e9b5c96caa5f05aa779ec', '89147589266'),
       ('18', 'Casandra', 'Hahn', 'kyla88@example.net', 'b74c41bf49d5d416ed66592372813fcd4e77d9a5', '89185182966'),
       ('19', 'Name', 'Zboncak', 'maria84@example.com', 'f473b841882d94e6dc9154fdac9697531c527b21', '89227533184'),
       ('20', 'Rubye', 'Bailey', 'becker.audie@example.net', '429eac5d43d0ec5bc0595d6fb6900013f92f1b22', '89031455527'),
       ('21', 'Allen', 'Mante', 'colt.gibson@example.org', 'bd061c4c2356c0f1a7a0e915d4c3d523d40b9c14', '89079808862'),
       ('22', 'Kenyon', 'Jaskolski', 'harley.keebler@example.org', 'd7ab0483ea5bf00822de0883ee6ed5c54eb25b83',
        '89216513236'),
       ('23', 'Jarret', 'Kiehn', 'daniel.jennifer@example.org', 'de90cf8c7f0420cfdda129a460b1b9fa96fb3141',
        '89112063233'),
       ('24', 'Yoshiko', 'Schuster', 'kira47@example.org', 'd8d56b89f0d35202798d915ffbffc6e2520fb5fe', '89049747337'),
       ('25', 'Jacques', 'Wunsch', 'wruecker@example.org', '103e39d82459a5808cd075640a37270c45aa76b5', '89180476676'),
       ('26', 'Sabrina', 'Hilpert', 'haley.nitzsche@example.net', '4b47174a7bc10f92e37452485956a7f837548938',
        '89249533317'),
       ('27', 'Cayla', 'Balistreri', 'doyle.emily@example.com', 'cbdcb5c5130025dd06e4ee4aeea42a234e049cf8',
        '89102578397'),
       ('28', 'Sophie', 'Schuster', 'gordon46@example.org', 'b2a1270cba6581e3af9e8cdc74447c1b37127bd0', '89130751474'),
       ('29', 'Dorcas', 'Gulgowski', 'xosinski@example.net', '1d2426d2ca88a755289f55be136ba70e1d1929de', '89149854944'),
       ('30', 'Kamron', 'Stamm', 'graham.thompson@example.com', '88b82437ef877643aaf07dd0cb8dea250dc909e8',
        '89043757718'),
       ('31', 'Conrad', 'Rodriguez', 'king.rath@example.net', 'f9734e2f9b98ea0ca3505be0403e5e40de7ea1e0',
        '89144269010'),
       ('32', 'Charlie', 'Christiansen', 'abby19@example.net', 'd477cec36271f83d7fac567a2f3e89aa8fdfc86f',
        '89193826322'),
       ('33', 'Carlie', 'Raynor', 'gcrooks@example.org', '7e6df886a88920995b47b8a0ab5114bd00eb04f1', '89249642110'),
       ('34', 'Josianne', 'Altenwerth', 'prohaska.ned@example.com', 'fb76e5b8277c0662bcb0e51f8e83a919956fd332',
        '89202250630'),
       ('35', 'Griffin', 'Osinski', 'jpadberg@example.org', '981985cffc1f7d48bbcb969f4b594af045d06228', '89206561224'),
       ('36', 'London', 'Roob', 'berta26@example.com', '68eb0c479e14a20aa71a0f75b51d47d0ba8c0347', '89193156361'),
       ('37', 'Aaliyah', 'Adams', 'wilton54@example.net', '408c7005ad374930ef88be72870905dfbc9fbe45', '89068150469'),
       ('38', 'Richie', 'Langworth', 'mschiller@example.com', '04a06b34f999611c5ddf1fe483b25a0c592d1789',
        '89056617003'),
       ('39', 'Jamison', 'Gleichner', 'jimmy.aufderhar@example.com', 'fb99dbb68f8ef4bb20048541d35d873c95d53317',
        '89151008977'),
       ('40', 'Virgie', 'Berge', 'balistreri.vito@example.net', 'ce59c280c51d6b0f5b809477747326e6544132e5',
        '89090976282'),
       ('41', 'Martine', 'Welch', 'jamarcus.hegmann@example.org', '03a05c36a1038d17f3b16398aee0e9eeb71c4497',
        '89247697993'),
       ('42', 'Raegan', 'Prosacco', 'veum.easton@example.net', 'f73ba2231a09bde4e7189034e00e4f3d59048334',
        '89059624468'),
       ('43', 'Emie', 'Schumm', 'shanie97@example.com', 'c7fcf9e3dea59e9de4961bb410c9718c4a7f19cc', '89239699789'),
       ('44', 'Dangelo', 'Cassin', 'lea90@example.org', 'db9b0e8532d3991e60780cb93bb4b6036dc7b626', '89126930548'),
       ('45', 'Jordon', 'Hirthe', 'sasha.daniel@example.net', '406b8e02ea8caa2b25d539b97611f4651084bef0',
        '89029863652'),
       ('46', 'Wendell', 'Gerhold', 'kylee85@example.com', '04d043ea2814b6e5ee26d927eed5a1a1dede4f43', '89080199078'),
       ('47', 'Stacy', 'Rowe', 'reba37@example.net', 'dbeaa52d883e23dee95e10770e35f56ba8e1c703', '89164044519'),
       ('48', 'Al', 'Deckow', 'david.hackett@example.org', '0bffa7c358f4b8080bdde06973318191394cc678', '89154367423'),
       ('49', 'Denis', 'Carroll', 'alize07@example.net', 'fd881fb7d3f2d3e3633033c5cb53ef25ca195bd7', '89180583572'),
       ('50', 'Geraldine', 'Bode', 'xgislason@example.net', '6f55a62cac7e13093a298172c83841436ecd700f', '89114199721'),
       ('51', 'Laurine', 'O\'Keefe', 'estell.douglas@example.net', '8ee2a2a3fb8cc25056bd1b5765b4dfb5f37d69af',
        '89160755150'),
       ('52', 'Myrl', 'Stark', 'kling.alice@example.com', '7ce5e4101f3c30c34c186ae955ac6e457929af62', '89100598947'),
       ('53', 'Brian', 'Beahan', 'yasmeen.adams@example.com', '658bc546df0287a56955127fefd57942e6a3b1ce',
        '89106488116'),
       ('54', 'Jordyn', 'Rohan', 'malinda65@example.org', '3061e41cf9197bbd34a06b121c4eb0fab6b265d7', '89044277644'),
       ('55', 'Howell', 'Kuphal', 'zhoeger@example.com', 'ff956d8fbc2c81ef34926566b121d3202c420edb', '89131086155'),
       ('56', 'Buster', 'Veum', 'ho\'keefe@example.net', 'dd17542bf5c898a6f10c42edd404cb047a56016c', '89051182231'),
       ('57', 'Jesse', 'Harvey', 'flatley.kyra@example.com', '99cc3b61a34700ff93861803cfb43d87adac936e', '89098136597'),
       ('58', 'Melyna', 'Grimes', 'd\'amore.lesly@example.org', 'da3a818d08113bbeb708d296456a926abe12f8ed',
        '89150828819'),
       ('59', 'Shaniya', 'Rosenbaum', 'fiona.barrows@example.org', 'edbc3be32c6f63b15ab38672dd9b42e4c5e60b4b',
        '89244199662'),
       ('60', 'Salvatore', 'Parisian', 'haleigh45@example.net', '15907b5f7cff5869d486546f27fc746eecde466b',
        '89076389156'),
       ('61', 'Kevin', 'Ullrich', 'bartell.taylor@example.net', '50d2ba591abea36c011ea12830b18fa61c671b5f',
        '89072671081'),
       ('62', 'Barney', 'Muller', 'eldridge08@example.org', '93cc148f2f87002f24a6e81b0cead85e53925fd7', '89054820975'),
       ('63', 'Lilyan', 'Barrows', 'keegan88@example.com', '3336aa9146479917c725570866a969ebb8956479', '89241365344'),
       ('64', 'Quinton', 'Klocko', 'leora29@example.net', 'b5afe17abfac3ecfa76eca72be49fd9f153c4d1b', '89068921628'),
       ('65', 'Cecil', 'Block', 'ncasper@example.com', '1a412184c93aaa19b0b0a79cec756bd9dc2282d7', '89078580929'),
       ('66', 'Ethan', 'Terry', 'stiedemann.madaline@example.com', '405943bf7a0372bb73a41447bca0d550f18e699d',
        '89096493826'),
       ('67', 'Allison', 'Ruecker', 'sunny.bradtke@example.net', 'f912fafd06252c7fe948aa6ac3903443d3ff53f9',
        '89097137982'),
       ('68', 'Morgan', 'Toy', 'mafalda.mccullough@example.org', '7556cd787813e9fdb6f3be1aa092326542d2d9e6',
        '89042362777'),
       ('69', 'Maida', 'Kautzer', 'kaia31@example.net', '1cbeb69fc09565f419fc36371c269a64f765f0da', '89077170801'),
       ('70', 'Nels', 'Botsford', 'colby72@example.org', 'bc90c9a46e9cb81d33b907ea05e1a64480202c8a', '89089606472'),
       ('71', 'Candelario', 'Stark', 'ritchie.melisa@example.net', '8ce30a1e8614b4ed70cbea47392f8044674b8e2e',
        '89080016876'),
       ('72', 'Noemie', 'O\'Connell', 'bode.sasha@example.com', '771fa46324e8c400c944735cad3f23c77d78e472',
        '89234914713'),
       ('73', 'Faye', 'Sawayn', 'ruecker.alyce@example.net', 'aecf2b1bdb8300db9838cb036ebfe2eda5c3f379', '89248182434'),
       ('74', 'Shanon', 'Kub', 'arvid82@example.com', '8c109bd87608aa98bb80f828deafd2d01162ad19', '89147888576'),
       ('75', 'Treva', 'Berge', 'ohowe@example.org', '856c439dae190311bb4a9faad6d4bd9c861e5166', '89253735294'),
       ('76', 'Trinity', 'Stamm', 'darmstrong@example.com', '2a6ea866676102ace9e499c1f8df4a8b2856b585', '89053688464'),
       ('77', 'Kylie', 'Bergnaum', 'cbarrows@example.com', 'bab0849e87a2d0dc2e5790807931400abf000449', '89233136421'),
       ('78', 'Braxton', 'Bartell', 'mills.kelly@example.net', '8e4e4bb6d9456745c6d285ef856a4971c8cf2bcf',
        '89247683385'),
       ('79', 'Brent', 'Konopelski', 'khegmann@example.net', '5fb572df3a8d686345fc72dc837dec9bfe2e4311', '89061027063'),
       ('80', 'Clotilde', 'Boyer', 'gorczany.daisha@example.com', '1f7e6979149224995e2bcac8fd452f31a54ae7bb',
        '89154762799'),
       ('81', 'Modesto', 'Hettinger', 'jewell41@example.net', '61db0f4cc4ed373162cd913192781fb791e42828',
        '89248828965'),
       ('82', 'Jamaal', 'Beatty', 'hessel.sammy@example.net', 'e6d2173aa5e0856211136661e9b406ae09134395',
        '89077046436'),
       ('83', 'Lyda', 'Robel', 'edward69@example.net', '0459aa5ed83a0c7d117103e9b4ade27c6fc52ac0', '89083715308'),
       ('84', 'Ashley', 'Hintz', 'verla.bosco@example.com', 'fa5da0d4697316c3d0b7933a4d2984c120e9c19d', '89091681124'),
       ('85', 'Michel', 'Brekke', 'kprohaska@example.org', 'c7f3a16530973d73bf72721a20b6ce35f120afbc', '89121194796'),
       ('86', 'Elise', 'Eichmann', 'mathias17@example.net', 'ca166e3441df26830c128e1a3fcf873c14fce755', '89091602345'),
       ('87', 'Rashad', 'Koss', 'zmorissette@example.org', '122554df9e2cf77f49472e32ddf114181474bc1f', '89088487175'),
       ('88', 'Richie', 'Kautzer', 'dickinson.kaitlin@example.org', '86bb9b718233a077eb8c52670777b1743953bcd8',
        '89073725494'),
       ('89', 'Fatima', 'Haag', 'diego.labadie@example.org', 'eefe162657fe03316d5a76d080c8f8f99ec15552', '89037879663'),
       ('90', 'Margarita', 'Crona', 'tate43@example.org', '37537be750bd2212563a4a0e6e07f8604dfb28df', '89012612393'),
       ('91', 'Bryon', 'Green', 'reyna.brakus@example.com', '255589874af77c49644ea4b7fa293f2b69eb5249', '89224215661'),
       ('92', 'Deontae', 'Weimann', 'breanna55@example.com', '195bfd70705831967727d959db37fa45e72a9522', '89023594207'),
       ('93', 'Rachelle', 'Nader', 'christop.rohan@example.org', '0596f48cdc8bb81a1d42c8514ac063785d55bb9d',
        '89238437920'),
       ('94', 'Annie', 'Collier', 'janiya.hane@example.org', '7956855f6c3dac805456e5fa3db927d0b4444daf', '89242530176'),
       ('95', 'Brandon', 'Abbott', 'borer.dakota@example.org', '4d740aa378189664727813833f7f48716934253b',
        '89044156274'),
       ('96', 'Demetris', 'Kuhic', 'mschumm@example.net', '6f7ade8299f0c9a72466df2d203d7a96dd1518c4', '89021030774'),
       ('97', 'Dixie', 'Jerde', 'gstiedemann@example.net', 'd37b2b4a6a72709bd277e9aa9df0bf5ad7559652', '89056984269'),
       ('98', 'Marjorie', 'Bogisich', 'reinger.lorine@example.org', 'd3455f10f888bb6c6902ef11ac8662934cdf7471',
        '89074471453'),
       ('99', 'Genoveva', 'Welch', 'kertzmann.lorenzo@example.net', '6ca8b182588eadf4ff6ee291c08a9651114789d9',
        '89212440691'),
       ('100', 'Edgar', 'Hodkiewicz', 'okeeling@example.org', '635e133bc473ac78db077a9c962b3594dc6b4932',
        '89176157478'),
       ('101', 'Cheyenne', 'Kub', 'jaron89@example.net', '27e35a10015a0d46e790535ef434d3ebe6e03558', '89254621197');

INSERT INTO `profiles` (user_id, gender, birthday, photo_id, created_at, hometown)
VALUES ('2', 'm', '2020-10-17', NULL, '2010-01-25 19:21:20', 'North Jerrell'),
       ('3', 'f', '2018-04-04', NULL, '1998-01-15 01:05:45', 'Jaylenhaven'),
       ('4', 'f', '1977-07-20', NULL, '2009-11-02 13:26:26', 'Aleenfurt'),
       ('5', 'f', '1988-09-26', NULL, '2001-12-11 23:48:49', 'West Charley'),
       ('6', 'm', '2019-06-30', NULL, '2001-09-20 12:30:43', 'Lake Edgardoburgh'),
       ('7', 'm', '1990-04-10', NULL, '2010-05-15 09:17:31', 'Arnoshire'),
       ('8', 'm', '2014-07-11', NULL, '1970-11-08 08:08:10', 'Christinaburgh'),
       ('9', 'm', '1994-06-27', NULL, '2001-05-13 09:15:53', 'New Norwood'),
       ('10', 'm', '2005-07-06', NULL, '2007-10-23 01:42:31', 'New Lavina'),
       ('11', 'f', '1987-02-13', NULL, '1972-07-31 05:40:39', 'Port Tracehaven'),
       ('12', 'f', '2002-05-07', NULL, '2000-09-10 03:59:36', 'Robertsmouth'),
       ('13', 'm', '1991-05-26', NULL, '1981-02-01 07:29:52', 'New Josephborough'),
       ('14', 'm', '1998-11-11', NULL, '2003-08-29 04:52:55', 'Antonettaview'),
       ('15', 'm', '1985-02-23', NULL, '1997-09-21 08:03:11', 'Leliafort'),
       ('16', 'f', '2015-02-13', NULL, '1978-02-10 06:20:15', 'Cobytown'),
       ('17', 'f', '2012-03-29', NULL, '1978-10-09 15:12:59', 'Port Mossieborough'),
       ('18', 'm', '1983-09-23', NULL, '1976-10-21 13:03:28', 'Geoffreyberg'),
       ('19', 'm', '2017-08-05', NULL, '2001-01-08 05:38:46', 'Jonathanbury'),
       ('20', 'f', '2015-05-12', NULL, '2007-10-26 04:20:43', 'West Lila'),
       ('21', 'm', '1990-02-13', NULL, '2019-09-27 08:37:52', 'Blockmouth'),
       ('22', 'm', '1971-08-03', NULL, '1994-11-20 17:09:10', 'Nicoleview'),
       ('23', 'f', '2004-01-30', NULL, '1991-01-06 08:35:49', 'Sengertown'),
       ('24', 'f', '2007-10-31', NULL, '1995-02-14 11:12:11', 'Frederikland'),
       ('25', 'f', '2001-06-13', NULL, '2018-02-13 19:16:18', 'Port Jennyfermouth'),
       ('26', 'm', '2016-06-04', NULL, '2011-03-23 19:32:36', 'South Eino'),
       ('27', 'm', '1986-05-27', NULL, '2003-12-19 13:16:03', 'Unatown'),
       ('28', 'm', '1986-09-27', NULL, '2006-11-29 06:55:58', 'Nicolasfurt'),
       ('29', 'f', '2002-07-09', NULL, '2008-04-29 04:14:23', 'Lake Arnulfo'),
       ('30', 'f', '1989-10-17', NULL, '1974-07-08 05:06:55', 'North Kaylaborough'),
       ('31', 'f', '1977-05-10', NULL, '1985-07-21 04:53:34', 'Lake Julesmouth'),
       ('32', 'f', '1979-11-23', NULL, '1980-01-20 10:32:23', 'Rutherfordmouth'),
       ('33', 'm', '2017-07-01', NULL, '2006-04-19 11:28:51', 'New Norene'),
       ('34', 'm', '1998-07-19', NULL, '2015-02-13 05:06:38', 'Port Camylle'),
       ('35', 'm', '2000-07-05', NULL, '2014-12-05 20:42:51', 'Hillsfurt'),
       ('36', 'm', '1993-06-17', NULL, '1970-10-07 01:57:09', 'Merlefurt'),
       ('37', 'm', '1997-08-08', NULL, '2020-05-31 00:26:57', 'Port Cierra'),
       ('38', 'f', '2013-01-09', NULL, '1975-01-20 04:31:33', 'Gavinland'),
       ('39', 'm', '2011-07-20', NULL, '2017-09-11 14:19:56', 'Dibbertfort'),
       ('40', 'f', '1988-04-26', NULL, '2002-02-28 01:44:52', 'Port Addison'),
       ('41', 'm', '1984-09-01', NULL, '2000-05-18 08:59:00', 'South Horaciofurt'),
       ('42', 'm', '1981-10-04', NULL, '1993-08-03 16:31:21', 'South Barrett'),
       ('43', 'f', '2014-07-07', NULL, '2004-04-12 18:41:58', 'Metzfurt'),
       ('44', 'm', '2007-04-12', NULL, '1990-01-30 03:58:34', 'Lake Darrel'),
       ('45', 'm', '2017-01-18', NULL, '1973-02-17 09:56:27', 'New Myah'),
       ('46', 'f', '1997-09-01', NULL, '1972-04-22 14:54:09', 'Yoshikoborough'),
       ('47', 'm', '2017-12-06', NULL, '1976-09-13 11:50:03', 'West Chloeport'),
       ('48', 'f', '1986-10-24', NULL, '2010-06-26 15:12:25', 'Port Briana'),
       ('49', 'f', '1992-04-29', NULL, '1980-11-29 11:37:46', 'South Hectortown'),
       ('50', 'f', '1970-12-25', NULL, '1984-05-09 15:22:58', 'East Veda'),
       ('51', 'm', '2002-06-15', NULL, '2012-02-29 01:32:24', 'North Elizabethchester'),
       ('52', 'f', '2017-12-02', NULL, '2015-06-07 02:09:27', 'Zechariahchester'),
       ('53', 'm', '1996-10-04', NULL, '2005-06-15 07:36:40', 'Lake Athena'),
       ('54', 'm', '1988-11-28', NULL, '1982-05-20 23:05:30', 'West Erik'),
       ('55', 'f', '1987-03-18', NULL, '1985-02-19 01:12:43', 'Aldaton'),
       ('56', 'm', '1990-05-13', NULL, '2014-10-29 01:48:01', 'Jalenport'),
       ('57', 'm', '2011-03-20', NULL, '1984-07-06 04:51:29', 'North Cullen'),
       ('58', 'f', '1992-07-30', NULL, '1978-10-09 23:30:02', 'Myleneport'),
       ('59', 'm', '2009-09-08', NULL, '1972-04-01 17:35:45', 'South Emmett'),
       ('60', 'm', '1977-11-11', NULL, '1998-07-03 19:20:38', 'North Kieratown'),
       ('61', 'm', '2010-07-10', NULL, '1972-11-07 05:05:32', 'Champlinburgh'),
       ('62', 'f', '2012-09-26', NULL, '1995-02-06 01:47:23', 'Lake Genesismouth'),
       ('63', 'f', '1995-04-02', NULL, '1991-01-16 14:39:44', 'South Alanis'),
       ('64', 'f', '1989-01-04', NULL, '1974-01-22 00:29:31', 'Bellaside'),
       ('65', 'm', '2018-12-21', NULL, '2019-12-14 12:42:20', 'Rodriguezfurt'),
       ('66', 'f', '1978-12-16', NULL, '1971-03-26 10:57:30', 'Port Jessyhaven'),
       ('67', 'f', '2018-10-11', NULL, '2020-10-02 17:57:21', 'New Saul'),
       ('68', 'm', '1988-05-19', NULL, '2012-08-02 00:42:12', 'Joesphhaven'),
       ('69', 'f', '1994-10-06', NULL, '2002-07-26 23:39:30', 'Lake Montana'),
       ('70', 'f', '2003-01-10', NULL, '1995-04-12 07:19:28', 'Martinchester'),
       ('71', 'f', '2012-06-29', NULL, '1972-02-22 06:41:05', 'Trompview'),
       ('72', 'm', '2017-04-10', NULL, '1974-03-15 17:15:57', 'Cassinfort'),
       ('73', 'm', '2014-03-25', NULL, '2002-01-12 06:04:51', 'Boganhaven'),
       ('74', 'f', '1991-12-17', NULL, '1994-02-20 10:09:35', 'Port Brando'),
       ('75', 'f', '1972-09-17', NULL, '1977-10-25 16:32:26', 'Sigridchester'),
       ('76', 'f', '2013-06-22', NULL, '1986-08-02 06:52:01', 'Deondrestad'),
       ('77', 'f', '1984-05-19', NULL, '1996-08-21 10:11:10', 'Aufderharstad'),
       ('78', 'm', '1983-07-07', NULL, '2005-03-15 06:16:00', 'Lake Lutherberg'),
       ('79', 'f', '1989-03-23', NULL, '2000-12-28 08:20:40', 'North Eliane'),
       ('80', 'm', '1979-04-11', NULL, '2018-07-14 08:10:21', 'Ginaville'),
       ('81', 'f', '1998-07-07', NULL, '1971-02-28 20:26:43', 'Alfredaton'),
       ('82', 'm', '2000-10-02', NULL, '1977-06-19 17:36:27', 'North Travis'),
       ('83', 'm', '1980-06-03', NULL, '1985-03-09 00:25:25', 'Johnschester'),
       ('84', 'f', '2006-05-05', NULL, '1970-12-26 17:46:18', 'Kautzerbury'),
       ('85', 'm', '1994-04-08', NULL, '1996-02-09 04:47:34', 'Tessview'),
       ('86', 'f', '1983-06-14', NULL, '2012-07-30 11:47:33', 'Medhurstmouth'),
       ('87', 'f', '1992-03-10', NULL, '1970-04-21 15:07:56', 'East Rachelbury'),
       ('88', 'm', '2013-08-03', NULL, '1976-12-09 07:36:30', 'New Gianni'),
       ('89', 'm', '2006-03-09', NULL, '1978-04-02 05:42:43', 'New Jaydaport'),
       ('90', 'f', '1971-09-21', NULL, '1979-01-20 18:22:43', 'South Johnpaul'),
       ('91', 'f', '1980-03-11', NULL, '2009-03-25 12:43:56', 'Sheilaport'),
       ('92', 'm', '1994-06-07', NULL, '2000-05-03 06:12:21', 'Nedshire'),
       ('93', 'm', '1970-11-08', NULL, '1975-11-07 00:39:04', 'Doloresstad'),
       ('94', 'm', '1982-03-11', NULL, '2000-06-18 18:56:02', 'Port Brigitte'),
       ('95', 'f', '1988-10-11', NULL, '1982-10-30 22:16:53', 'Port Lurline'),
       ('96', 'f', '1994-11-03', NULL, '2016-09-03 00:27:51', 'South Adalineside'),
       ('97', 'f', '1980-04-07', NULL, '1977-08-08 08:38:46', 'Archibaldborough'),
       ('98', 'f', '2012-01-30', NULL, '2012-05-08 04:17:50', 'Blockview'),
       ('99', 'm', '1975-07-01', NULL, '2007-02-20 13:59:58', 'Considinemouth'),
       ('100', 'm', '2002-07-26', NULL, '2002-09-15 22:09:30', 'South Flaviemouth'),
       ('101', 'f', '1986-06-23', NULL, '2003-12-04 03:27:49', 'South Jerel');

INSERT INTO `communities`
VALUES ('1', 'rerum', '2'),
       ('2', 'expedita', '3'),
       ('3', 'molestiae', '4'),
       ('4', 'consectetur', '5'),
       ('5', 'veritatis', '6'),
       ('6', 'ea', '7'),
       ('7', 'ducimus', '8'),
       ('8', 'vel', '9'),
       ('9', 'voluptatibus', '10'),
       ('10', 'non', '11');

INSERT INTO `users_communities`
VALUES ('2', '2'),
       ('3', '3'),
       ('4', '4'),
       ('5', '5'),
       ('6', '6'),
       ('7', '7'),
       ('8', '8'),
       ('9', '9'),
       ('10', '10');

INSERT INTO `media_types`
VALUES ('2', 'video', '2011-04-06 17:36:39', '1999-04-29 13:20:30'),
       ('3', 'image3d', '1997-08-05 07:04:24', '1993-08-26 07:01:45'),
       ('4', 'podcast', '1987-05-30 10:18:13', '2006-05-14 06:28:09'),
       ('5', 'coub', '2012-02-11 11:19:45', '2015-07-02 00:08:02'),
       ('6', 'coub2', '2012-02-11 11:19:45', '2015-07-02 00:08:02'),
       ('7', 'coub3', '2012-02-11 11:19:45', '2015-07-02 00:08:02');

#DELETE FROM tags;
INSERT INTO `tags`
VALUES ('лес'),
       ('ии'),
       ('треп'),
       ('привет'),
       ('наука'),
       ('SCIFY');


INSERT INTO `media`
VALUES ('1', '2', '2',
        'Quisquam quia quasi dolores provident id tempora. Qui deleniti ipsam voluptatem illum iusto est. Natus et nihil ea unde ut consequatur deleniti. Voluptatibus occaecati autem consectetur beatae fugiat reprehenderit.',
        'qui', '393068', NULL, '2000-03-01 11:46:42', '2011-04-19 07:51:11'),
       ('2', '3', '3',
        'Eum non id occaecati ab enim. Excepturi et consectetur dolore eum maxime culpa ut molestiae. Enim sequi dolor qui et et aliquid fugit. Quos id consequatur sapiente corporis excepturi ea.',
        'eaque', '362497156', NULL, '2017-04-10 14:01:58', '1989-06-23 13:30:47'),
       ('3', '4', '4',
        'Rem eum accusantium alias natus. Voluptatem nulla nihil eos dolorem qui. Et ex temporibus aut nihil sapiente. Quis in non eius soluta.',
        'neque', '9635073', NULL, '2001-03-19 14:56:49', '1992-05-12 19:43:04'),
       ('4', '5', '5',
        'Non facilis rem facere eaque qui qui asperiores. Ut maxime odit eos architecto. Quia ut modi odio fugit consectetur nihil id. Nulla qui voluptas deserunt.',
        'voluptas', '0', NULL, '1987-05-02 07:08:49', '2002-09-04 02:42:10'),
       ('5', '6', '6',
        'Inventore error molestias corrupti delectus id totam voluptate. Totam quidem nihil aut optio ab nihil maxime consequatur. Commodi possimus libero voluptatem libero. Possimus voluptatem in ut cum consequatur velit.',
        'rem', '595915', NULL, '2008-04-16 01:33:07', '1985-01-28 18:06:16'),
       ('6', '7', '7',
        'Aut cumque quam facilis repellendus neque distinctio quia. Eos aperiam quis maiores. Blanditiis accusamus aut sed. Assumenda consequuntur incidunt quia non porro aut. Unde ut non harum et officia inventore.',
        'alias', '393753', NULL, '1973-03-04 05:01:33', '1992-12-12 16:57:06'),
       ('7', '2', '8',
        'Neque qui ut et quisquam cumque nam accusantium. Aut ut laborum eum quasi maxime accusamus. Nostrum unde laudantium error voluptates consequatur eveniet. Fugit iure distinctio et est enim tempora in.',
        'et', '7', NULL, '2009-01-13 06:14:02', '2002-01-07 15:54:52'),
       ('8', '3', '9',
        'Et ullam praesentium tempore vero ut dignissimos rerum. Nesciunt quia expedita sit explicabo est similique repellendus. Et ex nostrum quod amet.',
        'ea', '54569150', NULL, '2005-10-09 12:49:22', '1980-11-06 10:35:59'),
       ('9', '4', '11',
        'A eos dolorem quo dolore. Est aut autem cupiditate vel qui totam. Sed illum sed dolor optio dolore. Consequatur ab ut aut dolor laborum ipsum.',
        'ducimus', '28875', NULL, '2005-12-27 07:01:10', '2006-10-25 18:26:21'),
       ('10', '5', '12',
        'Omnis labore possimus quis facilis. Veritatis iusto iure omnis non. Fugiat quo ipsam error molestiae molestias. Qui eligendi reprehenderit unde totam sit vitae dolor. Eius eius consectetur iure nemo nulla aspernatur et.',
        'non', '3972', NULL, '2005-10-07 23:23:40', '2002-03-22 02:55:25'),
       ('11', '6', '13', 'Hic tempore et et aliquid. Ut aut ratione ut quos.', 'commodi', '14768', NULL,
        '1974-05-08 21:32:01', '2019-06-12 10:01:35'),
       ('12', '7', '14',
        'Quaerat qui tenetur explicabo fugiat tempora. Nostrum dolores dolorum nemo ipsam dolorum. Fugit magni beatae voluptatem reiciendis odit amet occaecati commodi. Animi doloribus est minus occaecati quia quia.',
        'a', '731902357', NULL, '1970-06-21 00:33:28', '2013-07-17 23:57:34'),
       ('13', '2', '15',
        'Sint vel voluptas enim non ea dolore laudantium sequi. Animi aliquam qui eos quibusdam est praesentium. Fuga aut consequuntur consectetur quia reprehenderit possimus.',
        'id', '198498', NULL, '2006-09-08 15:36:47', '1992-04-21 22:26:29'),
       ('14', '3', '17', 'Sequi iure necessitatibus rem omnis et. Quidem non ea consequuntur ipsa quia error debitis.',
        'quaerat', '7', NULL, '1988-06-04 20:15:26', '2012-08-01 19:00:19'),
       ('15', '4', '18',
        'Cumque quod necessitatibus ea rerum vero dolor et. Velit est vitae hic. Praesentium est omnis ut nihil consequatur non.',
        'ut', '35214', NULL, '2018-01-11 18:21:45', '2006-02-04 20:03:24'),
       ('16', '5', '19',
        'Autem qui ut cupiditate necessitatibus alias voluptatem ullam. Unde pariatur et eveniet expedita assumenda illo. Architecto velit officiis a iure enim.',
        'quia', '1', NULL, '2017-04-29 04:59:41', '1986-08-31 22:33:32'),
       ('17', '6', '20',
        'Animi omnis delectus occaecati. Nostrum et laborum porro inventore modi rem. Dolores et modi recusandae repudiandae magnam. Vero est occaecati qui quis.',
        'explicabo', '464', NULL, '2006-12-16 11:10:08', '2020-04-20 05:52:16'),
       ('18', '7', '21',
        'Omnis id ab quidem et similique. Nulla necessitatibus itaque placeat laborum ut. Est et accusantium eum voluptatum accusamus. Voluptate et ipsam et at accusantium libero laborum.',
        'iure', '6813292', NULL, '1977-10-30 18:04:22', '1975-10-15 12:07:20'),
       ('19', '2', '24', 'Dolor debitis dignissimos qui iste repellendus non voluptas. Veniam fugiat voluptatem autem.',
        'provident', '6507296', NULL, '1974-10-31 00:46:56', '2016-03-16 13:09:28'),
       ('20', '3', '25',
        'Illo expedita quos veniam. Quisquam blanditiis ut necessitatibus. Voluptatem beatae quo quo eaque.',
        'consequuntur', '47325', NULL, '1978-02-06 20:01:14', '2008-12-01 18:42:01'),
       ('21', '4', '28',
        'Vitae sit recusandae quo alias qui voluptatibus. Autem totam quia quasi ut labore reprehenderit.', 'pariatur',
        '124855206', NULL, '1970-09-07 07:21:36', '1997-09-14 20:50:42'),
       ('22', '5', '29',
        'Dolores consequatur nostrum quasi quibusdam sit. Distinctio quisquam exercitationem ipsam. Sed delectus nostrum voluptas deserunt corrupti blanditiis assumenda et.',
        'eos', '58244', NULL, '2020-05-13 15:43:33', '2013-09-13 20:23:55'),
       ('23', '6', '31',
        'Id et mollitia voluptatibus. Nesciunt velit provident velit nesciunt corrupti voluptates odit. Est reiciendis et atque quis.',
        'et', '642510', NULL, '2008-10-24 00:10:38', '1979-04-21 17:19:41'),
       ('24', '7', '32',
        'Quam aut voluptas natus non. Aut tempora quae voluptas hic consequatur. Aut excepturi tempore aut.', 'est',
        '0', NULL, '1980-05-26 23:28:33', '2016-07-29 03:11:46'),
       ('25', '2', '33',
        'Fugit culpa ea quis tempora et natus. Facere qui veritatis autem at nihil omnis et. Praesentium tempore distinctio voluptatum. Ut animi totam ducimus quia nemo et voluptatem.',
        'qui', '840596', NULL, '1987-01-09 00:00:24', '2010-02-05 17:09:11'),
       ('26', '3', '36',
        'Architecto quo eos voluptatem cupiditate at optio soluta. Aspernatur non facere placeat omnis quae. Aliquid dolore laborum assumenda maiores dolor qui.',
        'laboriosam', '84011093', NULL, '1982-06-18 14:33:30', '2016-01-10 00:41:29'),
       ('27', '4', '38',
        'Placeat amet quia aut sint libero maxime architecto qui. Ut itaque voluptatem sunt commodi in autem. Suscipit blanditiis velit et dolor tempore illum ab a. Ipsum dicta mollitia quia debitis soluta esse temporibus.',
        'atque', '0', NULL, '2011-02-13 22:45:13', '2008-04-27 01:09:27'),
       ('28', '5', '42',
        'Ipsum accusantium quo earum et veniam voluptatem ipsam. Sunt hic corporis maxime accusantium voluptas maiores nisi. Consequatur ut eum officiis dolorum sunt natus eos atque. Pariatur aut voluptas assumenda ipsa nihil.',
        'provident', '5821892', NULL, '2019-06-02 14:11:51', '1996-08-22 18:01:50'),
       ('29', '6', '43',
        'Voluptates neque a esse error delectus voluptatibus. Est velit velit repellendus ut aut saepe. Qui eos vel nihil quaerat id eum.',
        'dolore', '0', NULL, '1995-02-07 18:12:32', '1995-07-15 18:03:19'),
       ('30', '7', '45',
        'Eius placeat incidunt cumque ut. Animi et voluptatum quaerat impedit ullam iure. At iusto sed voluptatem rerum omnis. Quisquam iusto unde earum atque ut et.',
        'rerum', '38499', NULL, '2020-08-11 13:14:46', '2008-02-02 15:46:49'),
       ('31', '2', '47',
        'Eveniet nisi perferendis magni. Culpa est est et esse harum aut. Odio eos fugit unde quas animi. Alias aut non corporis deleniti saepe ratione.',
        'magnam', '9775', NULL, '1986-03-20 07:13:14', '1975-11-25 06:35:29'),
       ('32', '3', '50',
        'Sunt cupiditate tenetur in culpa. Enim officia ipsum ipsum. Molestias voluptatem dignissimos quod veritatis voluptatibus aut. Nobis eos quam et voluptatem voluptatem.',
        'ut', '70070', NULL, '1992-11-04 15:05:58', '2006-05-06 11:45:25'),
       ('33', '4', '51',
        'Eveniet iusto sunt porro. Ipsam facere eveniet est qui. Ab dicta sed nesciunt asperiores natus et.', 'sit',
        '9438221', NULL, '1996-10-12 03:27:08', '2012-05-28 02:37:47'),
       ('34', '5', '56', 'Velit nam sunt quod perspiciatis. Impedit aspernatur quod quo quia voluptatum quae.',
        'necessitatibus', '0', NULL, '1992-05-23 08:23:51', '1991-09-07 01:43:01'),
       ('35', '6', '57',
        'Sapiente eius at dicta libero sequi. Molestiae modi sed dolores illo repellendus numquam corporis. Doloremque necessitatibus aut architecto ut ut molestiae sed et.',
        'perferendis', '0', NULL, '2007-08-08 01:11:55', '2017-01-03 20:41:00'),
       ('36', '7', '58',
        'Amet nam vero porro. Et voluptatem et dolorum aspernatur. Libero doloribus vel commodi est non laudantium.',
        'voluptatem', '334553', NULL, '2001-06-28 12:31:49', '1973-02-01 04:40:39'),
       ('37', '2', '60',
        'Asperiores voluptates consectetur rerum ducimus magnam optio. Illo repellendus minima non vero et nihil. Ducimus praesentium ullam non facere voluptatem omnis voluptatibus.',
        'qui', '255528', NULL, '2010-09-02 09:35:28', '1975-11-21 22:54:54'),
       ('38', '3', '61',
        'Unde eos nihil voluptatem quidem ut officiis. Vel est quod repudiandae corporis. Ut fugiat expedita cupiditate et doloribus.',
        'facere', '0', NULL, '1979-04-09 22:23:21', '2017-08-11 00:57:23'),
       ('39', '4', '62',
        'Aliquam nesciunt ea eos a libero consectetur atque. Est consequatur illo nihil facilis cum assumenda impedit. Voluptatibus itaque repellat et error exercitationem voluptatem. Reiciendis voluptas consectetur magnam.',
        'non', '654638785', NULL, '1985-07-20 21:24:22', '2005-08-03 07:59:58'),
       ('40', '5', '63',
        'Omnis natus voluptates ex quia ab quia aliquam odit. Sed nemo sit nulla. Vero similique qui dolores atque aperiam itaque. Sint error maxime quia quas excepturi. Ipsam consequatur esse reprehenderit dolor est voluptatum id architecto.',
        'vero', '35746', NULL, '1974-03-27 07:35:10', '1984-05-29 02:33:51'),
       ('41', '6', '65',
        'Delectus reprehenderit qui non culpa soluta. Molestiae quia molestias dolores laborum placeat quaerat qui. Commodi ex molestiae iste.',
        'vel', '100049827', NULL, '1970-03-30 01:27:53', '1994-02-22 14:45:37'),
       ('42', '7', '68',
        'Beatae quia voluptatum repudiandae rerum explicabo. Nemo et quae temporibus suscipit et reiciendis perspiciatis. Exercitationem mollitia ea dolores ex. Molestiae dicta quaerat est dolorum saepe nihil.',
        'unde', '83325981', NULL, '2008-11-24 21:20:50', '2005-07-09 09:09:26'),
       ('43', '2', '69',
        'Fuga doloribus quia non ex et. Dolor minima voluptate est quam. Earum ratione voluptatem exercitationem ut. Occaecati asperiores ipsum perspiciatis nostrum voluptatum eum est.',
        'tenetur', '454763', NULL, '2014-07-01 08:46:21', '1998-06-17 09:45:33'),
       ('44', '3', '71',
        'Exercitationem magni quia qui quia accusantium sit qui sit. Eum est non aut et. Repellendus aliquid esse provident.',
        'rem', '25856192', NULL, '2009-06-14 16:09:14', '2003-02-15 02:38:07'),
       ('45', '4', '72',
        'Eos vel tempora quia quod ratione aut velit. Ducimus facilis exercitationem in et et. Eveniet quo unde a facilis.',
        'qui', '5', NULL, '1979-07-30 04:49:45', '1990-12-11 23:21:12'),
       ('46', '5', '73', 'Ex hic ipsa in est qui aspernatur et. Est deserunt et nihil.', 'culpa', '517457112', NULL,
        '2019-08-08 22:04:11', '1982-09-30 03:56:55'),
       ('47', '6', '75',
        'Dolorum iusto hic vel qui molestiae. Ratione cum culpa repudiandae dolores perspiciatis. Optio non excepturi quidem quia ad est. Atque temporibus ex molestias.',
        'neque', '426710579', NULL, '2017-10-19 03:57:45', '2002-03-26 00:54:01'),
       ('48', '7', '76',
        'Odit nam et nostrum fugit quia qui dolor. Distinctio sint unde et cum quia necessitatibus maiores minus.',
        'rem', '5185070', NULL, '2001-11-26 23:04:02', '2015-07-23 23:30:39'),
       ('49', '2', '78',
        'Laudantium qui sit tempora vitae soluta ipsam. Ducimus modi ratione optio nihil commodi voluptatem est. Inventore occaecati assumenda quod.',
        'sint', '5484', NULL, '2011-11-19 20:48:12', '2019-04-17 19:31:11'),
       ('50', '3', '79',
        'Autem minus voluptates inventore quia voluptatibus repellendus. Maiores voluptatem magni quisquam exercitationem dolorum. Molestias corrupti ea vel deserunt. Omnis culpa dolorum perspiciatis expedita ratione delectus.',
        'sed', '1996', NULL, '2010-11-28 23:24:36', '1976-03-31 21:08:30'),
       ('51', '4', '81',
        'Sint assumenda et aut consequatur modi voluptatem. Ipsa praesentium dolorem velit tempora similique molestias et. Quod modi mollitia rerum nesciunt quas ut. Qui necessitatibus inventore qui odit alias.',
        'totam', '86', NULL, '1977-04-06 07:45:19', '1980-01-08 23:47:01'),
       ('52', '5', '82',
        'Autem libero quas quod et qui fuga ab neque. Ut soluta et non exercitationem sit doloribus repellat. Fugiat laudantium fuga et aut praesentium id ullam. Dolorum consectetur totam voluptas corporis autem et quos dolor.',
        'ea', '0', NULL, '1982-08-09 04:25:08', '1994-06-23 19:49:50'),
       ('53', '6', '83',
        'Aspernatur et fugit consequatur omnis est. Cupiditate perspiciatis quia eos est sequi suscipit molestiae. Aperiam adipisci quasi consectetur quis labore esse incidunt.',
        'ab', '7958', NULL, '1998-03-24 22:18:43', '1997-01-16 06:31:09'),
       ('54', '7', '84',
        'Et eum iure eos aut architecto a omnis. Molestiae ea et recusandae eum voluptatibus omnis perferendis. Dolorem eum sed voluptatem.',
        'esse', '4991', NULL, '2000-08-24 21:53:28', '1992-08-24 05:37:12'),
       ('55', '2', '85', 'Incidunt eius quae dolorem. Quisquam dolorem aspernatur et illum.', 'quia', '92761', NULL,
        '2014-12-24 18:47:58', '1980-01-22 07:27:05'),
       ('56', '3', '90',
        'Rerum quia incidunt repellat voluptatem ex aut sapiente et. Consequatur quas sunt enim. Amet nulla repellat totam ab illo facilis quia.',
        'qui', '853004327', NULL, '2016-11-17 13:19:37', '1970-05-25 09:00:19'),
       ('57', '4', '92',
        'Libero rem voluptatem et atque aut deleniti labore et. Debitis et minima et quas sed voluptas. Reiciendis quidem maxime voluptate recusandae repudiandae omnis dolorem. Et animi optio nobis sed repudiandae velit.',
        'qui', '0', NULL, '2005-07-02 13:25:39', '1988-10-04 13:54:58'),
       ('58', '5', '93',
        'Qui voluptatum aut dolore quas neque. Suscipit facere dolorum repellendus et aut esse pariatur. Corrupti deleniti mollitia ab in. Aut id dolore rerum amet aliquid commodi.',
        'iure', '0', NULL, '2012-12-25 16:43:48', '2016-09-06 01:11:40'),
       ('59', '6', '94',
        'Perferendis necessitatibus aperiam odit molestiae dolores repellat perspiciatis dignissimos. Maiores ut eos est autem animi expedita beatae aperiam. Dolor quisquam molestiae in ipsum iusto est. Aut omnis quaerat tempora labore facilis voluptatem.',
        'error', '119809717', NULL, '2019-01-13 02:14:33', '2017-08-04 08:43:17'),
       ('60', '7', '95',
        'Labore et voluptas iure quaerat illo quisquam. Velit nihil labore at ab sed aliquid aliquam ex. Veritatis voluptatem id vel sequi magnam quia vero debitis.',
        'velit', '354493', NULL, '1996-08-25 17:26:02', '2010-06-14 09:35:05'),
       ('61', '2', '97',
        'Quia aspernatur consequatur sunt. Soluta quisquam perferendis corporis sed. Maiores natus et quod eos.',
        'voluptatem', '47892064', NULL, '2017-01-01 22:37:05', '1980-04-26 13:39:45'),
       ('62', '3', '98',
        'Sit ut nam necessitatibus quidem atque molestias impedit. Hic et fuga quasi harum. Similique nihil explicabo suscipit dolores. Aperiam veritatis aut omnis eum voluptatem et qui.',
        'id', '892647665', NULL, '1987-03-18 06:53:43', '2019-04-15 14:09:23'),
       ('63', '4', '100',
        'Vitae est omnis distinctio quam. Facere eaque quae impedit in accusantium velit. Qui numquam quia dolorem voluptas alias. Ut et commodi neque sit commodi.',
        'et', '41458723', NULL, '1974-08-09 22:01:03', '2018-01-11 09:32:45');

# иммитация имен файлов
UPDATE media
set filename = CONCAT(filename, '.png');

INSERT INTO `photo_albums`
VALUES ('1', 'Minus dolorum veniam magni.', '2'),
       ('2', 'Id vel repudiandae deleniti odit expedita sit esse et.', '3'),
       ('3', 'Ut voluptate eum repellat vero dolores perspiciatis quam.', '4'),
       ('4', 'Alias voluptatem aliquid mollitia dolor.', '5'),
       ('5', 'Rerum ut aspernatur dignissimos voluptas nihil dolorem qui.', '6'),
       ('6', 'Rem illum expedita enim rerum.', '7'),
       ('7', 'Omnis doloribus atque nemo exercitationem.', '8'),
       ('8', 'Omnis cum qui perferendis facere est laudantium dolorem.', '9'),
       ('9', 'Veniam ex expedita sit voluptates.', '11'),
       ('10', 'Quasi amet dolores eum neque assumenda.', '12'),
       ('11', 'Beatae consequatur sed dicta soluta.', '13'),
       ('12', 'Et ut et maxime magni modi.', '14'),
       ('13', 'Vel iure nam nesciunt accusamus nihil.', '15'),
       ('14', 'Nam eveniet est ipsum similique.', '17'),
       ('15', 'Repudiandae hic non atque reprehenderit qui animi officia tempora.', '18'),
       ('16', 'Incidunt enim vero repellendus.', '19'),
       ('17', 'Repudiandae ea facere assumenda et omnis.', '20'),
       ('18', 'Culpa deleniti necessitatibus rerum esse quidem numquam.', '21'),
       ('19', 'Voluptas corporis ratione eius perspiciatis officia.', '24'),
       ('20', 'Alias labore dignissimos nihil rerum quaerat accusantium quae.', '25'),
       ('21', 'Reiciendis atque sunt ea non blanditiis neque tenetur voluptatem.', '28'),
       ('22', 'Cupiditate quas adipisci et est quia.', '29'),
       ('23', 'Est incidunt nihil minus animi sapiente.', '31'),
       ('24', 'Voluptatem deserunt vel eligendi delectus.', '32'),
       ('25', 'Perferendis est inventore aut qui.', '33'),
       ('26', 'Enim voluptas quaerat soluta assumenda animi ipsa.', '36'),
       ('27', 'Voluptatibus voluptas sapiente voluptas libero doloribus voluptatem.', '38'),
       ('28', 'Provident exercitationem ut id molestiae provident rem facere ab.', '42'),
       ('29', 'Suscipit et laboriosam officiis aspernatur perspiciatis nihil omnis.', '43'),
       ('30', 'Explicabo in itaque aut ad quia rerum qui impedit.', '45'),
       ('31', 'Voluptas quo sequi repellendus voluptatem dolores saepe et.', '47'),
       ('32', 'At velit esse fuga autem labore natus.', '50'),
       ('33', 'Rerum inventore error dicta enim.', '51'),
       ('34', 'Deleniti omnis sapiente temporibus nam voluptas culpa.', '56'),
       ('35', 'Tempora labore assumenda minima dolorum sint consequatur.', '57'),
       ('36', 'Nulla quod perspiciatis quasi modi asperiores dolor.', '58'),
       ('37', 'Occaecati voluptatem cupiditate saepe quisquam occaecati numquam.', '60'),
       ('38', 'Rerum possimus quam doloremque officiis nesciunt esse voluptate.', '61'),
       ('39', 'Sint consequatur rerum et neque at autem molestias et.', '62'),
       ('40', 'Debitis quisquam tempora maiores ducimus.', '63'),
       ('41', 'Cum sint ea ut tempore aut est voluptatem.', '65'),
       ('42', 'Odio et nihil laborum quisquam aut voluptatem.', '68'),
       ('43', 'Doloremque quo nisi placeat voluptatem illo ipsum cumque.', '69'),
       ('44', 'Et dolore maxime aliquid aliquid quibusdam sunt molestias fugiat.', '71'),
       ('45', 'Ex quis maiores ab a omnis explicabo harum.', '72'),
       ('46', 'Accusantium ut aut vel.', '73'),
       ('47', 'Qui quo enim saepe iusto hic soluta voluptas eius.', '75'),
       ('48', 'Id aliquam rerum accusantium laboriosam quasi dolorem voluptas nesciunt.', '76'),
       ('49', 'Quam expedita quae omnis dolorem.', '78'),
       ('50', 'Voluptatum nihil sapiente nam quos dolorem omnis et.', '79');


INSERT INTO `photos`
VALUES ('1', '1', '1'),
       ('2', '2', '2'),
       ('3', '3', '3'),
       ('4', '4', '4'),
       ('5', '5', '5'),
       ('6', '6', '6'),
       ('7', '7', '7'),
       ('8', '8', '8'),
       ('9', '9', '9'),
       ('10', '10', '10'),
       ('11', '11', '11'),
       ('12', '12', '12'),
       ('13', '13', '13'),
       ('14', '14', '14'),
       ('15', '15', '15'),
       ('16', '16', '16'),
       ('17', '17', '17'),
       ('18', '18', '18'),
       ('19', '19', '19'),
       ('20', '20', '20'),
       ('21', '21', '21'),
       ('22', '22', '22'),
       ('23', '23', '23'),
       ('24', '24', '24'),
       ('25', '25', '25'),
       ('26', '26', '26'),
       ('27', '27', '27'),
       ('28', '28', '28'),
       ('29', '29', '29'),
       ('30', '30', '30'),
       ('31', '31', '31'),
       ('32', '32', '32'),
       ('33', '33', '33'),
       ('34', '34', '34'),
       ('35', '35', '35'),
       ('36', '36', '36'),
       ('37', '37', '37'),
       ('38', '38', '38'),
       ('39', '39', '39'),
       ('40', '40', '40'),
       ('41', '41', '41'),
       ('42', '42', '42'),
       ('43', '43', '43'),
       ('44', '44', '44'),
       ('45', '45', '45'),
       ('46', '46', '46'),
       ('47', '47', '47'),
       ('48', '48', '48'),
       ('49', '49', '49'),
       ('50', '50', '50'),
       ('51', '1', '51'),
       ('52', '2', '52'),
       ('53', '3', '53'),
       ('54', '4', '54'),
       ('55', '5', '55'),
       ('56', '6', '56'),
       ('57', '7', '57'),
       ('58', '8', '58'),
       ('59', '9', '59'),
       ('60', '10', '60'),
       ('61', '11', '61'),
       ('62', '12', '62');

INSERT INTO events (id, user_id, media_id, event_datetime, event_date, coord)
VALUES (1, 1, 1, '2020-12-27 00:18:23', '2020-12-27', null),
       (2, 1, 2, '2020-12-27 00:18:59', '2020-12-27', null),
       (3, 3, 2, '2020-12-27 00:18:59', '2020-12-27', null),
       (4, 4, 2, '2020-12-27 00:18:59', '2020-12-27', null),
       (5, 5, 2, '2020-12-27 00:18:59', '2020-12-27', null),
       (6, 5, 2, '2020-12-27 00:18:59', '2020-12-27', null),
       (7, 6, 2, '2020-12-27 00:18:59', '2020-12-27', null),
       (8, 7, 2, '2020-12-27 00:18:59', '2020-12-27', null),
       (9, 9, 2, '2020-12-27 00:18:59', '2020-12-27', null),
       (10, 9, 2, '2020-12-27 00:18:59', '2020-12-27', null);



INSERT INTO calendar_user (user_id, event_id)
VALUES (1, 1),
       (1, 2),
       (1, 3),
       (1, 4),
       (1, 5),
       (1, 6),
       (1, 7),
       (1, 8),
       (1, 9),
       (1, 10),
       (2, 1);

INSERT INTO friend_requests (initiator_user_id, target_user_id, status)
VALUES (1, 2, 'requested'),
       (1, 3, 'unfriended'),
       (1, 4, 'requested'),
       (1, 5, 'requested'),
       (1, 6, 'requested'),
       (1, 7, 'requested'),
       (1, 8, 'approved'),
       (1, 9, 'requested'),
       (1, 10, 'requested'),
       (1, 11, 'declined');

INSERT INTO likes (user_id, media_id)
VALUES (1, 1),
       (1, 2),
       (1, 3),
       (1, 4),
       (1, 5),
       (1, 6),
       (1, 7),
       (1, 8),
       (1, 9),
       (2, 10),
       (2, 10),
       (3, 10),
       (3, 10);


INSERT INTO messages (from_user_id, to_user_id, body)
VALUES (1, 2, 'Hi!'),
       (2, 1, 'Hi!'),
       (1, 2, 'What are you doing?'),
       (2, 1, 'I will play in Fortnite'),
       (1, 2, 'What is time?'),
       (2, 1, 'in 19-00'),
       (1, 2, 'What is coordinates?'),
       (2, 1, 'Near mountains...'),
       (1, 2, 'In group?'),
       (2, 1, 'Yes!!!');


# ii. Написать скрипт, возвращающий список имен (только firstname) пользователей без повторений в алфавитном порядке
SELECT DISTINCT firstname
FROM users
ORDER BY firstname;

# iii. Написать скрипт, отмечающий несовершеннолетних пользователей как неактивных
# (поле is_active = false). Предварительно добавить такое поле в таблицу profiles со
# значением по умолчанию = true (или 1)

alter table profiles
    add is_active bool default true not null;

UPDATE profiles
SET is_active = false
WHERE year(now()) - year(birthday) < 18;

# iv. Написать скрипт, удаляющий сообщения «из будущего» (дата больше сегодняшней)
DELETE FROM messages WHERE created_at > now();

# v. Написать название темы курсового проекта (в комментарии)
# Генерация документации для защиты информационных систем (ИС)
# Целью курсового проекта является разработка информационной модели ИС которая вслючает следующие сущности:
#  - ИС Организации (организация, название ИС, категория обрабатываемой информации,
#  - Организация, владелец ИС (наименование)
#  - Сотрудники Организации ИС (ФИО, роль)
#  - Организация выполняющая проект по защите информации (наименование)
#  - Сотрудники Организации выполняющую проект по защите информации (ФИО, роль)
#  - Требования по защите информации (мера, тип ИС, класс ИС)
